potentialBGC	type	nucl_start	nucl_end	size	core_domains	product	sequence_id	Gene cluster genes	Gene cluster gene accessions	Compound with gene cluster of highest homology
1	Saccharide-Terpene-Alkaloid	1878386	2035954	157570	Bet_v_1, Cellulose_synt, Terpene_synth, Terpene_synth_C, Transferase, UDPGT_2	-	NC_056032.1	LOC121807519;LOC121797688;LOC121757452;LOC121807532;LOC12180_93;LOC121804418;LOC121793605;LOC121793615;LOC12179_22;LOC121804032;LOC121793629;LOC12179_23;LOC121796934;LOC12179_24;LOC121793643;LOC121793652;LOC121757458;LOC121757465;LOC121793662;LOC12179_25;LOC121796566;LOC121807564;LOC12180_94;LOC121807554	XP_042063707.1;XP_042052291.1;XP_042008930.1;XP_042063729.1;XP_042063733.1;XP_042059894.1;XP_042047573.1;XP_042047584.1;XP_042047588.1;XP_042059518.1;XP_042047599.1;XP_042047607.1;XP_042051634.1;XP_042051630.1;XP_042047618.1;XP_042047629.1;XP_042008937.1;XP_042008943.1;XP_042047639.1;XP_042051329.1;XP_042051324.1;XP_042063765.1;XP_042063774.1;XP_042063754.1	
2	Saccharide-Terpene	2161989	2215683	53690	Glycos_transf_1, Terpene_synth, Terpene_synth_C, Transferase	-	NC_056032.1	LOC12180_97;LOC12180_96;LOC121807650;LOC121757495;LOC121807662;LOC121807658;LOC121807665;LOC12180_98;LOC12180_99;LOC12180_100;LOC121807687	XP_042063872.1;XP_042063871.1;XP_042063868.1;XP_042008964.1;XP_042063874.1;XP_042063873.1;XP_042063876.1;XP_042063877.1;XP_042063882.1;XP_042063875.1;XP_042063888.1	
3	Saccharide	2702290	2736413	34120	Epimerase, UDPGT_2	*saccharide-3	NC_056032.1	LOC121808084;LOC121793832;LOC12179_28;LOC121805541;LOC121757586;LOC121793851;LOC121793861;LOC121808096;LOC121808089;LOC121793873	XP_042064363.1;XP_042047804.1;XP_042047811.1;XP_042061378.1;XP_042009046.1;XP_042047818.1;XP_042047824.1;XP_042064389.1;XP_042064376.1;XP_042047836.1	
4	Terpene	4763658	4935318	171660	Terpene_synth, Terpene_synth_C, Transferase, p450	-	NC_056032.1	LOC121794337;LOC121794347;LOC121794352;LOC121794362;LOC12179_41;LOC12179_42;LOC121794381;LOC121809419;LOC121809436;LOC121809427;LOC121757767;LOC121794394;LOC121794417;LOC121805127;LOC121794424;LOC12179_43	XP_042048393.1;XP_042048403.1;XP_042048417.1;XP_042048442.1;XP_042048436.1;XP_042048427.1;XP_042048455.1;XP_042065972.1;XP_042065994.1;XP_042065984.1;XP_042009194.1;XP_042048477.1;XP_042048507.1;XP_042060853.1;XP_042048518.1;XP_042048526.1	
5	Terpene-Lignan-Polyketide	10668425	10740210	71780	Chal_sti_synt_C, Dirigent, Terpene_synth, Terpene_synth_C	-	NC_056032.1	LOC121804550;LOC121795627;LOC121741913;LOC121804746;LOC121795636;LOC121804437;LOC121741922	XP_042060078.1;XP_042050108.1;XP_041990803.1;XP_042060327.1;XP_042050117.1;XP_042059917.1;XP_041990815.1	
6	Alkaloid	17725137	17809911	84770	Bet_v_1, HMGL-like, Transferase	-	NC_056032.1	LOC121804636;LOC121810788;LOC121744550;LOC121796872;LOC121744631;LOC121744607;LOC121744558;LOC121810866	XP_042060202.1;XP_042067470.1;XP_041994070.1;XP_042051580.1;XP_041994164.1;XP_041994141.1;XP_041994080.1;XP_042067556.1	
7	Saccharide-Alkaloid	1810642	1874052	63410	Amino_oxidase, Bet_v_1, Cellulose_synt, Transferase	-	NC_056033.1	LOC121784793;LOC121771477;LOC121775356;LOC121760639;LOC121762397;LOC121759727;LOC121768571;LOC121784810;LOC121759738;LOC121768921;LOC121780540;LOC121784820;LOC121760887	XP_042038963.1;XP_042024201.1;XP_042028370.1;XP_042012214.1;XP_042014207.1;XP_042011346.1;XP_042021038.1;XP_042038986.1;XP_042011357.1;XP_042021466.1;XP_042034056.1;XP_042038997.1;XP_042012418.1	
8	Terpene	4643528	4768576	125050	Abhydrolase_3, Terpene_synth, Terpene_synth_C, p450	-	NC_056033.1	LOC121773253;LOC121770285;LOC121768545;LOC12176_90;LOC121760795;LOC121760824;LOC121771114;LOC121762895;LOC121773262	XP_042026000.1;XP_042022976.1;XP_042021020.1;XP_042021026.1;XP_042012347.1;XP_042012366.1;XP_042023840.1;XP_042014847.1;XP_042026011.1	
9	Lignan-Polyketide	10030054	10097753	67700	Chal_sti_synt_C, Dirigent	-	NC_056033.1	LOC121787865;LOC121787884;LOC121787874;LOC121773463;LOC121787923;LOC121787913;LOC121767868;LOC12176_94;LOC121773480;LOC121773497;LOC121773504;LOC121773514;LOC121787950;LOC121787959;LOC12178_398;LOC121773523;LOC121773534;LOC12176_95;LOC121768025;LOC12176_96;LOC121781553;LOC121771657;LOC12177_12;LOC121762561;LOC121768487;LOC12176_97;LOC121770934;LOC121760895;LOC12176_98;LOC12176_99;LOC121760914;LOC121787981;LOC121773549;LOC121787991;LOC121761020;LOC121788002;LOC121766910;LOC121773567;LOC121769920;LOC121773584;LOC121773592;LOC121761160;LOC12176_100;LOC121788022;LOC121771857;LOC121771507;LOC121788037;LOC121788028;LOC121760929;LOC121769993;LOC121772022;LOC121773600;LOC121768126;LOC121773603;LOC121763554;LOC121760941;LOC12176_101;LOC121760955;LOC121792625;LOC121769562;LOC12176_102	XP_042042650.1;XP_042042669.1;XP_042042661.1;XP_042026266.1;XP_042042703.1;XP_042042695.1;XP_042020134.1;XP_042020142.1;XP_042026286.1;XP_042026306.1;XP_042026317.1;XP_042026328.1;XP_042042730.1;XP_042042743.1;XP_042042752.1;XP_042026337.1;XP_042026346.1;XP_042020304.1;XP_042020317.1;XP_042020313.1;XP_042035214.1;XP_042024426.1;XP_042024433.1;XP_042014398.1;XP_042020966.1;XP_042020973.1;XP_042023644.1;XP_042012434.1;XP_042012431.1;XP_042012426.1;XP_042012441.1;XP_042042774.1;XP_042026367.1;XP_042042781.1;XP_042012537.1;XP_042042792.1;XP_042019075.1;XP_042026390.1;XP_042022640.1;XP_042026410.1;XP_042026421.1;XP_042012693.1;XP_042012704.1;XP_042042808.1;XP_042024684.1;XP_042024236.1;XP_042042826.1;XP_042042818.1;XP_042012456.1;XP_042022719.1;XP_042024875.1;XP_042026426.1;XP_042020441.1;XP_042026431.1;XP_042015533.1;XP_042012467.1;XP_042012471.1;XP_042012479.1;XP_042046569.1;XP_042022352.1;XP_042022349.1	
10	Cyclopeptide	10749592	11290935	541340	BURP	-	NC_056033.1	LOC121771774;LOC121793121;LOC121793122;LOC121768987;LOC121769192;LOC121782660;LOC12178_107;LOC121782671;LOC121793123;LOC121793124;LOC121759240;LOC121759248;LOC12175_349	XP_042024584.1;XP_042047242.1;XP_042047243.1;XP_042021559.1;XP_042021854.1;XP_042036544.1;XP_042036553.1;XP_042036560.1;XP_042047244.1;XP_042047245.1;XP_042010693.1;XP_042010716.1;XP_042010706.1	
11	Saccharide-Alkaloid	6750348	6828359	78010	AMP-binding, Bet_v_1, Cellulose_synt	-	NC_056034.1	LOC121794622;LOC121797295;LOC121797296;LOC121793941;LOC121794502;LOC121793423;LOC121797281;LOC121794623;LOC121796485;LOC121794624	XP_042048807.1;XP_042051985.1;XP_042051986.1;XP_042047896.1;XP_042048617.1;XP_042047364.1;XP_042051974.1;XP_042048808.1;XP_042051260.1;XP_042048809.1	
12	Saccharide	15820813	15915436	94620	Aminotran_1_2, UDPGT_2	*saccharide-2	NC_056034.1	LOC121795234;LOC121795236;LOC121795235;LOC121795239;LOC121797248;LOC121795240;LOC121794285;LOC121793746;LOC121793774	XP_042049659.1;XP_042049661.1;XP_042049660.1;XP_042049662.1;XP_042051937.1;XP_042049663.1;XP_042048311.1;XP_042047714.1;XP_042047741.1	
13	Saccharide	22096514	22165812	69300	2OG-FeII_Oxy, DIOX_N, UDPGT_2	flavonoid-2, oleananes-2	NC_056034.1	LOC121793870;LOC121795472;LOC121796742;LOC121797360;LOC121796743	XP_042047830.1;XP_042049945.1;XP_042051463.1;XP_042052050.1;XP_042051465.1	
14	Alkaloid	37050006	37184991	134990	AMP-binding, Cu_amine_oxid, Lipoxygenase	-	NC_056034.1	LOC121797408;LOC121797409;LOC121793453;LOC121795868;LOC12179_1840;LOC121795870;LOC12179_1841;LOC12179_1842;LOC12179_1843;LOC121795872;LOC121795873	XP_042052096.1;XP_042052097.1;XP_042047391.1;XP_042050453.1;XP_042050452.1;XP_042050456.1;XP_042050455.1;XP_042050454.1;XP_042050457.1;XP_042050458.1;XP_042050460.1	
15	Terpene-Alkaloid	39349363	39492352	142990	Amino_oxidase, Bet_v_1, Terpene_synth, Terpene_synth_C, oMT	-	NC_056034.1	LOC121797005;LOC121795993;LOC12179_1902;LOC12179_1903;LOC121793942;LOC121795995;LOC12179_1904;LOC121795994;LOC12179_1905;LOC121793836	XP_042051684.1;XP_042050612.1;XP_042050613.1;XP_042050614.1;XP_042047897.1;XP_042050618.1;XP_042050617.1;XP_042050616.1;XP_042050615.1;XP_042047803.1	
16	Terpene-Polyketide	39601072	39815544	214470	Aldo_ket_red, Chal_sti_synt_C, Chal_sti_synt_N, SE, Terpene_synth, Terpene_synth_C, p450	-	NC_056034.1	LOC12179_1906;LOC121793769;LOC121797009;LOC121797010;LOC121796002;LOC121796003;LOC121796004;LOC12179_1907;LOC12179_1908;LOC121796006;LOC12179_1909;LOC12179_1910;LOC121796008;LOC121793824;LOC121797011;LOC121793826;LOC121796010;LOC121797012;LOC121796009;LOC121797446;LOC121796015	XP_042047739.1;XP_042047738.1;XP_042051685.1;XP_042051686.1;XP_042050623.1;XP_042050625.1;XP_042050626.1;XP_042050627.1;XP_042050628.1;XP_042050629.1;XP_042050630.1;XP_042050631.1;XP_042050632.1;XP_042047795.1;XP_042051687.1;XP_042047797.1;XP_042050634.1;XP_042051689.1;XP_042050633.1;XP_042052136.1;XP_042050635.1	
17	Fatty_acid-Saccharide	41840744	41985960	145220	AMP-binding, Transferase, UDPGT_2, p450	flavonoid	NC_056034.1	LOC121796108;LOC121796109;LOC121796110;LOC12179_1985;LOC121796111;LOC121795275;LOC12179_1986;LOC121796450;LOC121793874;LOC121796113;LOC121795337;LOC121793883;LOC121793579	XP_042050782.1;XP_042050783.1;XP_042050785.1;XP_042050784.1;XP_042050787.1;XP_042049713.1;XP_042051240.1;XP_042051239.1;XP_042047833.1;XP_042050788.1;XP_042049796.1;XP_042047841.1;XP_042047542.1	
18	Saccharide	42502423	42523464	21040	2OG-FeII_Oxy, DIOX_N, UDPGT_2	carboxyl	NC_056034.1	LOC121794747;LOC121796157;LOC121797057;LOC121796156;LOC12179_2005;LOC12179_2006;LOC12179_2007;LOC12179_2008;LOC121797058;LOC121793681;LOC121796159	XP_042049009.1;XP_042050848.1;XP_042051727.1;XP_042050843.1;XP_042050844.1;XP_042050845.1;XP_042050846.1;XP_042050847.1;XP_042051728.1;XP_042047655.1;XP_042050849.1	
19	Saccharide-Terpene	43183650	43318798	135150	Glycos_transf_1, SQHop_cyclase_C, SQHop_cyclase_N, Transferase, p450	Cycloartenol, lupeol	NC_056034.1	LOC121796205;LOC121796206;LOC12179_2033;LOC12179_2034;LOC12179_2035;LOC12179_2036;LOC12179_2037;LOC12179_2038;LOC12179_2039;LOC121796208;LOC121796209;LOC121793371;LOC121796210;LOC121796211;LOC121796212;LOC121796213;LOC121796214;LOC121793372;LOC12179_2040;LOC121793650;LOC121796216;LOC121794012;LOC121796217	XP_042050916.1;XP_042050917.1;XP_042050918.1;XP_042050919.1;XP_042050920.1;XP_042050921.1;XP_042050922.1;XP_042050923.1;XP_042050924.1;XP_042050925.1;XP_042050927.1;XP_042047303.1;XP_042050928.1;XP_042050929.1;XP_042050930.1;XP_042050931.1;XP_042050932.1;XP_042047304.1;XP_042047305.1;XP_042047623.1;XP_042050933.1;XP_042047957.1;XP_042050934.1	
20	Cyclopeptide	44246037	44719973	473940	BURP	-	NC_056034.1	LOC121793398;LOC12179_2089;LOC121796288;LOC12179_2090;LOC12179_2091;LOC121793995;LOC121796289;LOC121797076;LOC121793399;LOC121796291;LOC121794072;LOC121796386;LOC121796381;LOC121796296;LOC121796347;LOC121796334;LOC121796299;LOC12179_2092;LOC12179_2093;LOC121796316;LOC121796292;LOC121796376;LOC121796383;LOC121796327;LOC121796343;LOC121796384;LOC121796366;LOC121796387;LOC121796307;LOC121796325;LOC121796319;LOC121797078;LOC121796350;LOC121797079;LOC121796312;LOC121796300;LOC121796368;LOC121796301;LOC121796364;LOC12179_2094;LOC12179_2095;LOC12179_2096;LOC121796311;LOC121796353;LOC121796357;LOC121796326;LOC121796352;LOC121796348;LOC121796355;LOC121796339;LOC12179_2097;LOC121796388;LOC121796340;LOC12179_2098;LOC12179_2099;LOC121796380;LOC121796379;LOC121796385;LOC121796374;LOC121796298;LOC121796365;LOC12179_2100;LOC121796314;LOC121796377;LOC121796313;LOC12179_2101;LOC121796358;LOC121796304;LOC121796369;LOC12179_2102;LOC121797080;LOC12179_2103;LOC121796361;LOC121796310;LOC121796373	XP_042047334.1;XP_042047332.1;XP_042051043.1;XP_042051044.1;XP_042051045.1;XP_042047942.1;XP_042051046.1;XP_042051744.1;XP_042047335.1;XP_042051047.1;XP_042048006.1;XP_042051182.1;XP_042051177.1;XP_042051054.1;XP_042051131.1;XP_042051111.1;XP_042051060.1;XP_042051061.1;XP_042051062.1;XP_042051085.1;XP_042051048.1;XP_042051173.1;XP_042051179.1;XP_042051102.1;XP_042051125.1;XP_042051180.1;XP_042051160.1;XP_042051183.1;XP_042051070.1;XP_042051100.1;XP_042051087.1;XP_042051745.1;XP_042051134.1;XP_042051746.1;XP_042051075.1;XP_042051063.1;XP_042051162.1;XP_042051064.1;XP_042051153.1;XP_042051154.1;XP_042051155.1;XP_042051157.1;XP_042051074.1;XP_042051138.1;XP_042051142.1;XP_042051101.1;XP_042051137.1;XP_042051132.1;XP_042051140.1;XP_042051119.1;XP_042051120.1;XP_042051184.1;XP_042051121.1;XP_042051122.1;XP_042051123.1;XP_042051176.1;XP_042051175.1;XP_042051181.1;XP_042051171.1;XP_042051059.1;XP_042051159.1;XP_042051158.1;XP_042051079.1;XP_042051174.1;XP_042051076.1;XP_042051078.1;XP_042051144.1;XP_042051066.1;XP_042051163.1;XP_042051164.1;XP_042051747.1;XP_042051148.1;XP_042051147.1;XP_042051073.1;XP_042051170.1	
21	Putative	2354575	2656812	302240	2OG-FeII_Oxy, DIOX_N	-	NC_056035.1	LOC121798699;LOC121798241;LOC121797858;LOC121800489;LOC121800491;LOC121800488;LOC121800148;LOC121799456;LOC121798167;LOC12179_2273;LOC121800358;LOC121798075;LOC12179_2274;LOC12179_2275;LOC121800217;LOC121800184;LOC121800186;LOC121800190;LOC121800276;LOC121799329;LOC121799527;LOC121800205;LOC121797871;LOC121800212;LOC121800214;LOC121797868;LOC12179_2276;LOC121797869;LOC12179_2277;LOC121797872	XP_042053764.1;XP_042053080.1;XP_042052548.1;XP_042055990.1;XP_042055991.1;XP_042055989.1;XP_042055671.1;XP_042054767.1;XP_042052966.1;XP_042052967.1;XP_042055863.1;XP_042052836.1;XP_042052837.1;XP_042052838.1;XP_042055735.1;XP_042055709.1;XP_042055711.1;XP_042055712.1;XP_042055785.1;XP_042054588.1;XP_042054855.1;XP_042055727.1;XP_042052563.1;XP_042055730.1;XP_042055731.1;XP_042052559.1;XP_042052560.1;XP_042052561.1;XP_042052562.1;XP_042052564.1	
22	Saccharide-Alkaloid	8633141	8930517	297380	AMP-binding, Aldo_ket_red, Bet_v_1, Cellulose_synt, p450	-	NC_056035.1	LOC121798366;LOC121798367;LOC121799801;LOC121800257;LOC121800502;LOC121798370;LOC121799149;LOC121799593;LOC121801338;LOC121798371;LOC121801586;LOC12179_2513;LOC121798375;LOC12179_2512;LOC121798376;LOC121798377;LOC12179_2514;LOC121798378;LOC121798667;LOC121798253;LOC121799816	XP_042053265.1;XP_042053266.1;XP_042055218.1;XP_042055765.1;XP_042056001.1;XP_042053269.1;XP_042054426.1;XP_042054933.1;XP_042056744.1;XP_042053270.1;XP_042057040.1;XP_042053278.1;XP_042053277.1;XP_042053276.1;XP_042053279.1;XP_042053280.1;XP_042053282.1;XP_042053281.1;XP_042053721.1;XP_042053095.1;XP_042055237.1	
23	Alkaloid	33598963	33716883	117920	Acetyltransf_1, Cu_amine_oxid	-	NC_056035.1	LOC121800505;LOC12180_468;LOC12180_469;LOC12180_470;LOC121800506;LOC121798266;LOC121799462;LOC121799547;LOC12179_3093;LOC121799545;LOC121799546;LOC121798223;LOC121799691;LOC12179_3094;LOC121801404	XP_042056004.1;XP_042056005.1;XP_042056006.1;XP_042056007.1;XP_042056008.1;XP_042053119.1;XP_042054776.1;XP_042054884.1;XP_042054885.1;XP_042054882.1;XP_042054883.1;XP_042053060.1;XP_042055073.1;XP_042055074.1;XP_042056820.1	
24	Terpene-Polyketide-Alkaloid	35742181	35984439	242260	Aldo_ket_red, Bet_v_1, Chal_sti_synt_C, Chal_sti_synt_N, SE, Terpene_synth, Terpene_synth_C, oMT	-	NC_056035.1	LOC121799701;LOC12179_3161;LOC121798779;LOC121799343;LOC121799705;LOC121799704;LOC121799125;LOC121801069;LOC121800176;LOC121801619;LOC12180_477;LOC121799710;LOC121799712;LOC12179_3162;LOC12179_3163;LOC121799714;LOC12179_3164;LOC12179_3165;LOC12179_3166;LOC12179_3167;LOC12179_3168;LOC12179_3169;LOC12179_3170;LOC12179_3171;LOC12179_3172;LOC121799283;LOC121799715;LOC121799719;LOC121799720	XP_042055081.1;XP_042055082.1;XP_042053891.1;XP_042054603.1;XP_042055084.1;XP_042055083.1;XP_042054401.1;XP_042056469.1;XP_042055699.1;XP_042057081.1;XP_042057082.1;XP_042055090.1;XP_042055091.1;XP_042055092.1;XP_042055093.1;XP_042055097.1;XP_042055098.1;XP_042055094.1;XP_042055095.1;XP_042055099.1;XP_042055100.1;XP_042055101.1;XP_042055102.1;XP_042055103.1;XP_042055104.1;XP_042054537.1;XP_042055105.1;XP_042055106.1;XP_042055107.1	
25	Putative	37510899	37651201	140300	Epimerase, Transferase, p450	-	NC_056035.1	LOC121799493;LOC121799486;LOC121799837;LOC121801104;LOC121801294;LOC121799838;LOC12179_3234;LOC121799840;LOC121801105;LOC121799842;LOC121799841;LOC12179_3235;LOC121798194	XP_042054818.1;XP_042054808.1;XP_042055272.1;XP_042056497.1;XP_042056691.1;XP_042055274.1;XP_042055277.1;XP_042055276.1;XP_042056498.1;XP_042055279.1;XP_042055278.1;XP_042053007.1;XP_042053006.1	
26	Fatty_acid-Saccharide	37733864	37875400	141540	AMP-binding, Transferase, UDPGT_2, p450	flavonoid-2	NC_056035.1	LOC121799852;LOC12179_3241;LOC121799853;LOC12179_3242;LOC121801109;LOC121801110;LOC121801112;LOC121798407;LOC121798505;LOC121797865;LOC121799778	XP_042055293.1;XP_042055294.1;XP_042055296.1;XP_042055297.1;XP_042056502.1;XP_042056503.1;XP_042056504.1;XP_042053328.1;XP_042053478.1;XP_042052556.1;XP_042055179.1	
27	Saccharide	2123943	2173463	49520	ADH_N_2, ADH_zinc_N, UDPGT_2	carboxyl-4	NC_056036.1	LOC121805547;LOC12180_1590;LOC121805816;LOC121803435;LOC121805423;LOC121803537;LOC121805340;LOC12180_1591;LOC121802473	XP_042061382.1;XP_042061383.1;XP_042061760.1;XP_042059033.1;XP_042061199.1;XP_042059107.1;XP_042061081.1;XP_042061082.1;XP_042058085.1	
28	Saccharide	2853935	2946806	92870	Aldo_ket_red, UDPGT_2	flavonoid-2	NC_056036.1	LOC121802045;LOC12180_1627;LOC12180_1628;LOC121805655;LOC12180_1626;LOC121805320;LOC121802291;LOC121804210;LOC121805371;LOC121805512;LOC121801862	XP_042057523.1;XP_042061533.1;XP_042061534.1;XP_042061531.1;XP_042061532.1;XP_042061062.1;XP_042057860.1;XP_042059672.1;XP_042061123.1;XP_042061330.1;XP_042057237.1	
29	Alkaloid	3410682	3519983	109300	Bet_v_1, Dimerisation, Methyltransf_2	-	NC_056036.1	LOC121802670;LOC121802678;LOC121805389;LOC121802464;LOC121805810;LOC121805809;LOC121805530;LOC121802140;LOC121803140	XP_042058280.1;XP_042058289.1;XP_042061149.1;XP_042058072.1;XP_042061753.1;XP_042061752.1;XP_042061355.1;XP_042057653.1;XP_042058775.1	
30	Alkaloid	7774080	7927742	153660	Acetyltransf_1, Bet_v_1, p450	-	NC_056036.1	LOC121803653;LOC121803654;LOC121803656;LOC121803655;LOC121802549;LOC12180_743;LOC12180_744;LOC12180_745;LOC121802452;LOC121805273;LOC121805274;LOC121802281;LOC121805659;LOC121805138	XP_042059217.1;XP_042059218.1;XP_042059220.1;XP_042059219.1;XP_042058169.1;XP_042058171.1;XP_042058170.1;XP_042058172.1;XP_042058063.1;XP_042061007.1;XP_042061008.1;XP_042057848.1;XP_042061538.1;XP_042060863.1	
31	Alkaloid	32126869	32267757	140890	3Beta_HSD, Bet_v_1, p450	-	NC_056036.1	LOC121804683;LOC12180_772;LOC12180_773;LOC121802677;LOC121803099;LOC121802896;LOC121803446;LOC121805911;LOC12180_774;LOC12180_775;LOC12180_776;LOC121805895;LOC121805894;LOC121802842;LOC121803366;LOC121804497;LOC121804498;LOC121804495;LOC121804494;LOC12180_777;LOC121804499;LOC12180_778;LOC121805630;LOC121805629	XP_042060248.1;XP_042060249.1;XP_042060250.1;XP_042058288.1;XP_042058738.1;XP_042058518.1;XP_042059045.1;XP_042061878.1;XP_042061879.1;XP_042061880.1;XP_042061882.1;XP_042061862.1;XP_042061861.1;XP_042058472.1;XP_042058976.1;XP_042059994.1;XP_042059995.1;XP_042059993.1;XP_042059990.1;XP_042059991.1;XP_042059997.1;XP_042059992.1;XP_042061496.1;XP_042061495.1	
32	Lignan	34372190	34443965	71780	Dirigent, Epimerase, Methyltransf_11	-	NC_056036.1	LOC121803192;LOC121802415;LOC121803244;LOC121805321;LOC121805944;LOC121802298;LOC121803726;LOC121803334;LOC121804482;LOC12180_1033;LOC121805660;LOC12180_1032;LOC121805605;LOC121802284;LOC121802377	XP_042058825.1;XP_042058020.1;XP_042058862.1;XP_042061063.1;XP_042061929.1;XP_042057870.1;XP_042059285.1;XP_042058949.1;XP_042059971.1;XP_042061542.1;XP_042061541.1;XP_042061539.1;XP_042061459.1;XP_042057851.1;XP_042057976.1	
33	Saccharide	35910803	35972707	61900	Aldo_ket_red, Aminotran_1_2, UDPGT_2	-	NC_056036.1	LOC121803352;LOC121804121;LOC121804122;LOC121804123;LOC121804124;LOC121802767;LOC121803491;LOC121804125;LOC121804848;LOC121801955;LOC121804828;LOC121802189;LOC12180_1511;LOC12180_1512;LOC121805426;LOC12180_1513;LOC12180_1514;LOC12180_1515	XP_042058967.1;XP_042059596.1;XP_042059597.1;XP_042059598.1;XP_042059599.1;XP_042058394.1;XP_042059082.1;XP_042059600.1;XP_042060479.1;XP_042057377.1;XP_042060453.1;XP_042057718.1;XP_042057719.1;XP_042057720.1;XP_042061203.1;XP_042061204.1;XP_042061205.1;XP_042061206.1	
34	Saccharide	2827526	2919677	92150	Aldo_ket_red, UDPGT_2	flavonoid-2	NC_056037.1	LOC12180_2089;LOC12180_2088;LOC121807809;LOC121808300;LOC121806457;LOC121806309;LOC121806731;LOC12180_2090;LOC12180_2091;LOC121807021;LOC121808611;LOC121809891;LOC121809989;LOC121809781;LOC121809305	XP_042064079.1;XP_042064078.1;XP_042064077.1;XP_042064645.1;XP_042062434.1;XP_042062240.1;XP_042062793.1;XP_042062794.1;XP_042062795.1;XP_042063140.1;XP_042065112.1;XP_042066667.1;XP_042066794.1;XP_042066515.1;XP_042065799.1	
35	Terpene	31762113	31864241	102130	2OG-FeII_Oxy, DIOX_N, Terpene_synth, Terpene_synth_C	-	NC_056037.1	LOC121809119;LOC121807041;LOC121809120;LOC121809121;LOC121807434;LOC121807475	XP_042065596.1;XP_042063156.1;XP_042065597.1;XP_042065599.1;XP_042063602.1;XP_042063645.1	
36	Saccharide	3061194	3105819	44620	Amino_oxidase, DAHP_synth_2, UDPGT_2	cyanogenic glucoside, monoterpenoid	NC_056038.1	LOC121742209;LOC121742208;LOC121742247;LOC121741677;LOC121741679;LOC121742070;LOC121742166;LOC121741595	XP_041991223.1;XP_041991222.1;XP_041991269.1;XP_041990488.1;XP_041990489.1;XP_041991031.1;XP_041991153.1;XP_041990368.1	
37	Saccharide	5355639	5442650	87010	Epimerase, Glycos_transf_2, Transferase	-	NC_056038.1	LOC121811513;LOC12181_201;LOC121741381;LOC121742074;LOC12174_656;LOC121742075;LOC12174_657;LOC121741748;LOC121742214;LOC121811083;LOC12181_202;LOC121811099;LOC121811100;LOC121810893;LOC121742719;LOC12174_658;LOC12174_659	XP_042068326.1;XP_042068327.1;XP_041990039.1;XP_041991039.1;XP_041991040.1;XP_041991042.1;XP_041991041.1;XP_041990565.1;XP_041991229.1;XP_042067802.1;XP_042067803.1;XP_042067831.1;XP_042067832.1;XP_042067549.1;XP_041991888.1;XP_041991889.1;XP_041991890.1	
38	Terpene	36356558	36418014	61460	Terpene_synth, Terpene_synth_C, p450	-	NC_056038.1	LOC121741308;LOC121742549;LOC121742547;LOC121811461;LOC121810839;LOC121740954;LOC121741844	XP_041989963.1;XP_041991646.1;XP_041991642.1;XP_042068254.1;XP_042067493.1;XP_041989552.1;XP_041990707.1	
39	Saccharide	36710325	36847708	137380	Amino_oxidase, Aminotran_3, Epimerase, UDPGT_2, p450	flavonoid	NC_056038.1	LOC121742396;LOC12174_1259;LOC12174_1260;LOC121810851;LOC121811427;LOC121811057;LOC121741134;LOC121742104;LOC121811615;LOC121741478;LOC12174_1261;LOC12174_1262;LOC12174_1263;LOC12174_1264;LOC121811009;LOC121740975;LOC121810855;LOC121742629;LOC121742017;LOC121811294;LOC12181_410;LOC12181_411;LOC121742194;LOC12174_1265;LOC12174_1266;LOC12174_1267;LOC12174_1268;LOC12174_1269;LOC12174_1270;LOC121742052;LOC121741838;LOC121741837	XP_041991453.1;XP_041991454.1;XP_041991455.1;XP_042067504.1;XP_042068215.1;XP_042067761.1;XP_041989769.1;XP_041991077.1;XP_042068423.1;XP_041990178.1;XP_041990179.1;XP_041990175.1;XP_041990176.1;XP_041990177.1;XP_042067690.1;XP_041989582.1;XP_042067506.1;XP_041991760.1;XP_041990961.1;XP_042068056.1;XP_042068057.1;XP_042068058.1;XP_041991197.1;XP_041991198.1;XP_041991199.1;XP_041991200.1;XP_041991201.1;XP_041991203.1;XP_041991204.1;XP_041991012.1;XP_041990699.1;XP_041990698.1	
40	Putative	14157363	14232150	74790	TPMT, Transferase, p450	-	NC_056039.1	LOC121743320;LOC12174_2004;LOC121744210;LOC121744209;LOC121744104;LOC121745800;LOC121745802;LOC121745803;LOC121745804;LOC121745805;LOC121745391;LOC12174_2005;LOC12174_2006;LOC121743438	XP_041992525.1;XP_041992526.1;XP_041993623.1;XP_041993622.1;XP_041993478.1;XP_041995686.1;XP_041995687.1;XP_041995688.1;XP_041995689.1;XP_041995691.1;XP_041995205.1;XP_041995206.1;XP_041995207.1;XP_041992684.1	
41	Saccharide-Alkaloid	16859098	16992493	133400	Aldo_ket_red, BBE, UDPGT_2	cytokinin-2	NC_056039.1	LOC121742914;LOC121743570;LOC12174_2041;LOC121745476;LOC12174_2042;LOC12174_2043;LOC12174_2044;LOC12174_2045;LOC12174_2046;LOC121745846;LOC121743793;LOC121745847;LOC121745953;LOC12174_2047;LOC12174_2048;LOC12174_2049;LOC12174_2050;LOC12174_2051;LOC12174_2052;LOC121745848;LOC121745849;LOC121745852;LOC121745853	XP_041991979.1;XP_041992830.1;XP_041992829.1;XP_041995339.1;XP_041995338.1;XP_041995337.1;XP_041995335.1;XP_041995336.1;XP_041995340.1;XP_041995728.1;XP_041993097.1;XP_041995729.1;XP_041995832.1;XP_041995833.1;XP_041995834.1;XP_041995835.1;XP_041995836.1;XP_041995837.1;XP_041995838.1;XP_041995730.1;XP_041995731.1;XP_041995733.1;XP_041995734.1	
42	Saccharide	34218328	34290499	72170	Aminotran_3, UDPGT_2	-	NC_056039.1	LOC121744153;LOC121744320;LOC121746150;LOC121743647;LOC121743771;LOC121746231;LOC121746232;LOC121743686;LOC121744443;LOC12174_2488;LOC12174_2489;LOC12174_2490;LOC12174_2491;LOC12174_2492;LOC121745393;LOC12174_2493;LOC12174_2494	XP_041993533.1;XP_041993757.1;XP_041995996.1;XP_041992909.1;XP_041993073.1;XP_041996103.1;XP_041996104.1;XP_041992948.1;XP_041993915.1;XP_041993916.1;XP_041993917.1;XP_041993911.1;XP_041993912.1;XP_041993914.1;XP_041995208.1;XP_041995209.1;XP_041995211.1	
43	Lignan	965848	1015769	49920	Dirigent, Epimerase, SQS_PSY, p450	-	NC_056040.1	LOC121746788;LOC12174_2583;LOC121746393;LOC121748820;LOC121747768;LOC12174_2584;LOC12174_2585;LOC12174_2586;LOC12174_2587;LOC12174_2588;LOC12174_2589;LOC12174_2590;LOC121748848;LOC12174_2591;LOC121748847;LOC121748057;LOC121749699	XP_041996654.1;XP_041996655.1;XP_041996133.1;XP_041999282.1;XP_041997803.1;XP_041997804.1;XP_041997805.1;XP_041997806.1;XP_041997807.1;XP_041997809.1;XP_041997810.1;XP_041997811.1;XP_041999324.1;XP_041999325.1;XP_041999322.1;XP_041998204.1;XP_042000226.1	
44	Cyclopeptide	14607232	14925801	318570	BURP	-	NC_056040.1	LOC121748481;LOC121748412;LOC12174_3246;LOC121746718;LOC121746508;LOC12174_3247;LOC12174_3248;LOC121747956;LOC12174_3249;LOC12174_3250;LOC12174_3251;LOC121747955;LOC121749711;LOC121749605;LOC121746594;LOC121746600;LOC12174_3252;LOC121746601;LOC121749793;LOC121748472;LOC12174_3253;LOC121748315;LOC12174_3254;LOC12174_3255;LOC12174_3256;LOC121748314;LOC121746662;LOC121746663;LOC12174_3257;LOC121748353;LOC12174_3258;LOC121747225;LOC121746416;LOC121746417;LOC121746967;LOC12174_3259;LOC121748026;LOC121748027;LOC12174_3260;LOC121749686;LOC121746836;LOC12174_3261;LOC121749754;LOC121748876;LOC12174_3262;LOC12174_3263;LOC121748901;LOC121746700;LOC121748794	XP_041998802.1;XP_041998691.1;XP_041998692.1;XP_041996570.1;XP_041996310.1;XP_041996311.1;XP_041996312.1;XP_041998069.1;XP_041998070.1;XP_041998071.1;XP_041998072.1;XP_041998068.1;XP_042000242.1;XP_042000112.1;XP_041996420.1;XP_041996426.1;XP_041996427.1;XP_041996428.1;XP_042000363.1;XP_041998785.1;XP_041998786.1;XP_041998527.1;XP_041998528.1;XP_041998529.1;XP_041998530.1;XP_041998525.1;XP_041996508.1;XP_041996509.1;XP_041996510.1;XP_041998590.1;XP_041998591.1;XP_041997162.1;XP_041996174.1;XP_041996176.1;XP_041996875.1;XP_041996874.1;XP_041998171.1;XP_041998172.1;XP_041998173.1;XP_042000208.1;XP_041996710.1;XP_041996709.1;XP_042000310.1;XP_041999363.1;XP_041999364.1;XP_041999365.1;XP_041999396.1;XP_041996548.1;XP_041999248.1	
45	Lignan	15934800	16273684	338880	Dirigent, p450	-	NC_056040.1	LOC121747315;LOC12174_3295;LOC121749777;LOC121746430;LOC12174_3296;LOC121746763;LOC121746860;LOC121746516;LOC121747716;LOC121747437;LOC121749212;LOC121749213;LOC121749214;LOC121747302;LOC121749215;LOC121747438;LOC121747215;LOC121749216;LOC121747016;LOC121747227;LOC121746465;LOC121748577;LOC121749702	XP_041997266.1;XP_041997267.1;XP_042000341.1;XP_041996191.1;XP_041996192.1;XP_041996625.1;XP_041996743.1;XP_041996326.1;XP_041997732.1;XP_041997405.1;XP_041999734.1;XP_041999736.1;XP_041999737.1;XP_041997250.1;XP_041999738.1;XP_041997407.1;XP_041997147.1;XP_041999739.1;XP_041996929.1;XP_041997164.1;XP_041996238.1;XP_041998962.1;XP_042000229.1	
46	Fatty_acid	23970612	24114812	144200	Amino_oxidase, Epimerase, FA_desaturase	-	NC_056040.1	LOC121748844;LOC12174_3555;LOC121749321;LOC121749635;LOC12174_3556;LOC121747522;LOC121749322;LOC121747569;LOC12174_3557;LOC12174_3558;LOC121749323;LOC121746633	XP_041999316.1;XP_041999317.1;XP_041999835.1;XP_042000151.1;XP_042000152.1;XP_041997509.1;XP_041999836.1;XP_041997569.1;XP_041997570.1;XP_041997571.1;XP_041999837.1;XP_041996472.1	
47	Cyclopeptide	12873290	13262298	389010	BURP	-	NC_056041.1	LOC121752114;LOC121752645;LOC121750208;LOC12175_1093;LOC121750500;LOC121750266;LOC121753054;LOC12175_1094;LOC12175_1095;LOC12175_1096;LOC12175_1097;LOC121751970;LOC12175_1098;LOC12175_1099;LOC12175_1100;LOC12175_1101;LOC12175_1102;LOC12175_1103;LOC12175_1104;LOC121751972;LOC121751188;LOC121751189;LOC121751551;LOC12175_1105;LOC121752529;LOC121752264;LOC121752646;LOC121750532;LOC121751136;LOC12175_1106;LOC121753203;LOC121753136;LOC121751169;LOC12175_1107;LOC121751168;LOC121752919;LOC121750808;LOC121750809;LOC121752193;LOC121752650;LOC121750100;LOC121752652;LOC121752654;LOC12175_1108;LOC121753149;LOC121750776;LOC121750277;LOC121753039;LOC121750412;LOC121752534;LOC121753337;LOC121750470;LOC121750255;LOC121752655;LOC121750237;LOC12175_1109;LOC121750236;LOC121752987;LOC121753103;LOC12175_1110;LOC12175_1111;LOC12175_1112;LOC12175_1113;LOC12175_1114;LOC12175_1115;LOC121750777;LOC121753005;LOC121751582;LOC121753114;LOC121753112;LOC121750103;LOC121750143;LOC121750144;LOC12175_1116	XP_042002947.1;XP_042003696.1;XP_042000630.1;XP_042000631.1;XP_042000974.1;XP_042000710.1;XP_042004138.1;XP_042004139.1;XP_042004140.1;XP_042004141.1;XP_042004142.1;XP_042002742.1;XP_042002743.1;XP_042002744.1;XP_042002745.1;XP_042002746.1;XP_042002747.1;XP_042002748.1;XP_042002749.1;XP_042002750.1;XP_042001837.1;XP_042001838.1;XP_042002237.1;XP_042002238.1;XP_042003584.1;XP_042003182.1;XP_042003698.1;XP_042001016.1;XP_042001788.1;XP_042001789.1;XP_042004343.1;XP_042004257.1;XP_042001819.1;XP_042001820.1;XP_042001818.1;XP_042003954.1;XP_042001356.1;XP_042001357.1;XP_042003068.1;XP_042003699.1;XP_042000491.1;XP_042003700.1;XP_042003701.1;XP_042004278.1;XP_042004277.1;XP_042001314.1;XP_042000727.1;XP_042004121.1;XP_042000880.1;XP_042003594.1;XP_042004535.1;XP_042000942.1;XP_042000692.1;XP_042003703.1;XP_042000664.1;XP_042000665.1;XP_042000663.1;XP_042004049.1;XP_042004215.1;XP_042004209.1;XP_042004210.1;XP_042004211.1;XP_042004212.1;XP_042004213.1;XP_042004214.1;XP_042001316.1;XP_042004069.1;XP_042002282.1;XP_042004228.1;XP_042004227.1;XP_042000494.1;XP_042000550.1;XP_042000551.1;XP_042000552.1	
48	Cyclopeptide	12953042	13559200	606160	BURP	-	NC_056041.1	LOC12175_1085;LOC121753121;LOC121753341;LOC12175_1086;LOC121752155;LOC121750134;LOC121752192;LOC12175_1087;LOC12175_1088;LOC12175_1089;LOC121753407;LOC12175_1090;LOC12175_1091;LOC12175_1092;LOC121752113;LOC121752114;LOC121752645;LOC121750208;LOC12175_1093;LOC121750500;LOC121750266;LOC121753054;LOC12175_1094;LOC12175_1095;LOC12175_1096;LOC12175_1097;LOC121751970;LOC12175_1098;LOC12175_1099;LOC12175_1100;LOC12175_1101;LOC12175_1102;LOC12175_1103;LOC12175_1104;LOC121751972;LOC121751188;LOC121751189;LOC121751551;LOC12175_1105;LOC121752529;LOC121752264;LOC121752646;LOC121750532;LOC121751136;LOC12175_1106;LOC121753203;LOC121753136;LOC121751169;LOC12175_1107;LOC121751168;LOC121752919;LOC121750808;LOC121750809;LOC121752193	XP_042004237.1;XP_042004236.1;XP_042004538.1;XP_042004540.1;XP_042002997.1;XP_042000537.1;XP_042003064.1;XP_042003065.1;XP_042003066.1;XP_042003067.1;XP_042004637.1;XP_042004638.1;XP_042004639.1;XP_042004640.1;XP_042002946.1;XP_042002947.1;XP_042003696.1;XP_042000630.1;XP_042000631.1;XP_042000974.1;XP_042000710.1;XP_042004138.1;XP_042004139.1;XP_042004140.1;XP_042004141.1;XP_042004142.1;XP_042002742.1;XP_042002743.1;XP_042002744.1;XP_042002745.1;XP_042002746.1;XP_042002747.1;XP_042002748.1;XP_042002749.1;XP_042002750.1;XP_042001837.1;XP_042001838.1;XP_042002237.1;XP_042002238.1;XP_042003584.1;XP_042003182.1;XP_042003698.1;XP_042001016.1;XP_042001788.1;XP_042001789.1;XP_042004343.1;XP_042004257.1;XP_042001819.1;XP_042001820.1;XP_042001818.1;XP_042003954.1;XP_042001356.1;XP_042001357.1;XP_042003068.1	
49	Saccharide	232883	363959	131080	Amino_oxidase, Aminotran_3, UDPGT_2	flavonoid	NC_056042.1	LOC121755873;LOC121754127;LOC121753894;LOC121755511;LOC121753609;LOC12175_1574;LOC121753800;LOC121754281;LOC121755990;LOC121755991;LOC121755037;LOC121754896;LOC121755607;LOC121755794;LOC12175_1575;LOC12175_1576;LOC121755793;LOC12175_1577;LOC121755504;LOC12175_1578	XP_042007225.1;XP_042005408.1;XP_042005121.1;XP_042006743.1;XP_042004761.1;XP_042004762.1;XP_042004994.1;XP_042005587.1;XP_042007379.1;XP_042007380.1;XP_042006252.1;XP_042006120.1;XP_042006856.1;XP_042007116.1;XP_042007118.1;XP_042007117.1;XP_042007114.1;XP_042007115.1;XP_042006735.1;XP_042006734.1	
50	Terpene	525476	625228	99750	Terpene_synth, Terpene_synth_C, adh_short_C2, p450	-	NC_056042.1	LOC121755182;LOC121754189;LOC121755444;LOC121755996;LOC121755258;LOC121753743	XP_042006403.1;XP_042005480.1;XP_042006671.1;XP_042007386.1;XP_042006468.1;XP_042004925.1	
51	Terpene	2398951	2503082	104130	2OG-FeII_Oxy, DIOX_N, Epimerase, SQHop_cyclase_C	dammarenyl	NC_056042.1	LOC121754149;LOC121756063;LOC121756578;LOC121754118;LOC121754997;LOC121754996;LOC121753921;LOC121756542;LOC12175_1666;LOC121755580;LOC121755581;LOC121753715;LOC121753610;LOC121756198	XP_042005431.1;XP_042007455.1;XP_042008090.1;XP_042005401.1;XP_042006219.1;XP_042006217.1;XP_042005150.1;XP_042008042.1;XP_042008043.1;XP_042006833.1;XP_042006834.1;XP_042004897.1;XP_042004763.1;XP_042007620.1	
52	Saccharide	16933294	17682629	749340	2OG-FeII_Oxy, Glyco_transf_28, Lycopene_cycl, SE, UDPGT	-	NC_056042.1	LOC121754529;LOC121754531;LOC121754141;LOC12175_1968;LOC12175_1969;LOC121756156;LOC121755886;LOC12175_1970;LOC121754532;LOC121753611;LOC121754535;LOC121756571;LOC12175_1971;LOC12175_1972;LOC12175_1973;LOC12175_1974;LOC12175_1975;LOC121754536;LOC121753569;LOC12175_1976;LOC12175_1977;LOC121755009	XP_042005803.1;XP_042005805.1;XP_042005421.1;XP_042005420.1;XP_042005419.1;XP_042007559.1;XP_042007244.1;XP_042007245.1;XP_042005806.1;XP_042004764.1;XP_042005808.1;XP_042008082.1;XP_042008081.1;XP_042008080.1;XP_042008078.1;XP_042008077.1;XP_042008076.1;XP_042005809.1;XP_042004714.1;XP_042004715.1;XP_042004716.1;XP_042006229.1	
53	Lignan	27270932	27375459	104530	Amino_oxidase, Dirigent, p450	-	NC_056042.1	LOC121753666;LOC121755103;LOC121755104;LOC121754710;LOC121754711;LOC121754712;LOC121754713;LOC121754714;LOC12175_2139;LOC121754115;LOC12175_2140;LOC121753565;LOC121754715	XP_042004839.1;XP_042006332.1;XP_042006333.1;XP_042005958.1;XP_042005959.1;XP_042005960.1;XP_042005962.1;XP_042005963.1;XP_042005398.1;XP_042005397.1;XP_042004710.1;XP_042004709.1;XP_042005964.1	
54	Putative	31205606	31408642	203040	ADH_N, ADH_zinc_N, Abhydrolase_3, Peptidase_S10, adh_short	-	NC_056042.1	LOC121754303;LOC121755519;LOC121755520;LOC121754129;LOC121754801;LOC121755107;LOC121754089;LOC121754804;LOC121754805;LOC121754165;LOC121755790;LOC121753581;LOC12175_2251;LOC121755577;LOC12175_2252;LOC121756044;LOC121756043;LOC12175_2253;LOC12175_2254;LOC121755572	XP_042005615.1;XP_042006754.1;XP_042006755.1;XP_042005409.1;XP_042006039.1;XP_042006335.1;XP_042005367.1;XP_042006040.1;XP_042006041.1;XP_042005448.1;XP_042007110.1;XP_042004728.1;XP_042004727.1;XP_042006830.1;XP_042006829.1;XP_042007435.1;XP_042007434.1;XP_042007433.1;XP_042006822.1;XP_042006821.1	
55	Saccharide	33701084	33764849	63770	Epimerase, UDPGT_2, UbiA	cyanogenic glucoside-2, monoterpenoid-2	NC_056042.1	LOC121754855;LOC121753637;LOC121756174;LOC121754072;LOC121753552;LOC121753551;LOC121753785;LOC121756298;LOC121755832;LOC12175_2325	XP_042006082.1;XP_042004799.1;XP_042007580.1;XP_042005343.1;XP_042004692.1;XP_042004691.1;XP_042004972.1;XP_042007736.1;XP_042007173.1;XP_042007175.1	
56	Saccharide	386158	480361	94200	Amino_oxidase, Aminotran_3, UDPGT_2	flavonoid	NC_056043.1	LOC121759743;LOC121759362;LOC121757193;LOC12175_2391;LOC12175_2392;LOC121758738;LOC121758910;LOC121758191;LOC121758192;LOC121759723;LOC121756966;LOC121759431;LOC12175_2393;LOC12175_2394;LOC121758865;LOC121758705;LOC12175_2395;LOC12175_2396;LOC12175_2397;LOC121758703	XP_042011360.1;XP_042010852.1;XP_042008642.1;XP_042010060.1;XP_042010061.1;XP_042010059.1;XP_042010283.1;XP_042009549.1;XP_042009550.1;XP_042011338.1;XP_042008342.1;XP_042010940.1;XP_042010941.1;XP_042010942.1;XP_042010213.1;XP_042010028.1;XP_042010029.1;XP_042010030.1;XP_042010031.1;XP_042010027.1	
57	Terpene	745663	1014382	268720	Terpene_synth, Terpene_synth_C, adh_short_C2, p450	-	NC_056043.1	LOC121758340;LOC12175_2409;LOC12175_2410;LOC121759192;LOC121758616;LOC121757976;LOC121759075;LOC121757977;LOC121759076;LOC121759078;LOC121757399;LOC121757945;LOC121758409;LOC121756890;LOC121758279;LOC121759079;LOC121758190;LOC121759080;LOC121757304;LOC121757303;LOC121758417;LOC121759081;LOC121757280;LOC121757275;LOC121759082;LOC121757278;LOC121759086;LOC121757279;LOC121757277;LOC121757276;LOC121759088;LOC121759095;LOC121758264;LOC121758091;LOC121757386;LOC121758955	XP_042009683.1;XP_042010626.1;XP_042010628.1;XP_042010625.1;XP_042009925.1;XP_042009353.1;XP_042010511.1;XP_042009354.1;XP_042010512.1;XP_042010513.1;XP_042008887.1;XP_042009323.1;XP_042009751.1;XP_042008248.1;XP_042009623.1;XP_042010515.1;XP_042009548.1;XP_042010516.1;XP_042008776.1;XP_042008775.1;XP_042009759.1;XP_042010517.1;XP_042008749.1;XP_042008743.1;XP_042010518.1;XP_042008747.1;XP_042010521.1;XP_042008748.1;XP_042008746.1;XP_042008744.1;XP_042010523.1;XP_042010529.1;XP_042009608.1;XP_042009464.1;XP_042008871.1;XP_042010352.1	
58	Lignan	26444066	26520509	76440	Amino_oxidase, Dirigent, Methyltransf_11	-	NC_056043.1	LOC121759250;LOC12175_2986;LOC12175_2987;LOC12175_2988;LOC12175_2989;LOC12175_2991;LOC12175_2990;LOC121757953;LOC121757799;LOC121758472;LOC121759270	XP_042010715.1;XP_042010717.1;XP_042010718.1;XP_042010719.1;XP_042010720.1;XP_042009333.1;XP_042009332.1;XP_042009331.1;XP_042009215.1;XP_042009802.1;XP_042010740.1	
59	Saccharide	30211254	30366891	155640	Methyltransf_3, UDPGT_2	flavonoid-2, oleananes-2	NC_056043.1	LOC121759503;LOC12175_3143;LOC121756814;LOC121757164;LOC12175_3144;LOC121759184;LOC12175_3145;LOC121759587;LOC121759588;LOC12175_3146;LOC121759529;LOC121756858;LOC121757054	XP_042011039.1;XP_042011040.1;XP_042008147.1;XP_042008607.1;XP_042008608.1;XP_042010619.1;XP_042010620.1;XP_042011168.1;XP_042011170.1;XP_042011171.1;XP_042011082.1;XP_042008203.1;XP_042008462.1	
60	Saccharide	2284079	2321851	37770	Glycos_transf_2, SE, UDPGT_2	*saccharide	NC_056045.1	LOC121765857;LOC12176_1300;LOC12176_1301;LOC121763920;LOC121765974;LOC121765536;LOC121764755;LOC121764727	XP_042018056.1;XP_042018057.1;XP_042018058.1;XP_042015946.1;XP_042018215.1;XP_042017658.1;XP_042016709.1;XP_042016671.1	
61	Fatty_acid-Alkaloid	2508709	2630897	122190	BBE, FAD_binding_4, FA_hydroxylase, Methyltransf_11	-	NC_056046.1	LOC121767032;LOC121766438;LOC121767034;LOC121766446;LOC121767038;LOC121767039;LOC121767041;LOC121767042;LOC121766468;LOC121766473;LOC12176_3147;LOC121767046;LOC121767047;LOC121766447;LOC121766464;LOC121766466	XP_042019177.1;XP_042018659.1;XP_042019178.1;XP_042018663.1;XP_042019180.1;XP_042019181.1;XP_042019182.1;XP_042019183.1;XP_042018684.1;XP_042018689.1;XP_042018688.1;XP_042019184.1;XP_042019185.1;XP_042018664.1;XP_042018679.1;XP_042018682.1	
62	Alkaloid	29434613	30282093	847480	ADH_N_2, ADH_zinc_N, Bet_v_1, p450	-	NC_056046.1	LOC121767059;LOC121767060;LOC121767061;LOC121766459;LOC121767064;LOC121766458;LOC121766467;LOC121767065;LOC121766469;LOC121766470;LOC121767066;LOC121767067;LOC121767069;LOC121766471;LOC121766449;LOC121767072;LOC121766460;LOC121767073;LOC121767074;LOC121766436;LOC121766435;LOC121766433;LOC121766445;LOC121767075;LOC121766453;LOC121766434;LOC121767076;LOC121766452;LOC121766444;LOC121767077;LOC121767078;LOC121766454;LOC121766462;LOC121767080;LOC121767081;LOC121766448;LOC121767082;LOC121767085;LOC121767086;LOC121769485;LOC121767451	XP_042019196.1;XP_042019198.1;XP_042019199.1;XP_042018675.1;XP_042019200.1;XP_042018674.1;XP_042018683.1;XP_042019202.1;XP_042018685.1;XP_042018686.1;XP_042019203.1;XP_042019204.1;XP_042019205.1;XP_042018687.1;XP_042018666.1;XP_042019207.1;XP_042018676.1;XP_042019208.1;XP_042019209.1;XP_042018657.1;XP_042018656.1;XP_042018653.1;XP_042018662.1;XP_042019210.1;XP_042018668.1;XP_042018655.1;XP_042019211.1;XP_042018667.1;XP_042018661.1;XP_042019212.1;XP_042019213.1;XP_042018669.1;XP_042018677.1;XP_042019214.1;XP_042019216.1;XP_042018665.1;XP_042019217.1;XP_042019218.1;XP_042019219.1;XP_042022240.1;XP_042019652.1	
63	Alkaloid	31425638	31849237	423600	ADH_N_2, ADH_zinc_N, Bet_v_1, Transferase	-	NC_056046.1	LOC12176_2197;LOC121769448;LOC12176_2196;LOC121767526;LOC121767524;LOC121768566;LOC121767625;LOC121766309;LOC121768633;LOC121767097;LOC121768635;LOC121769403;LOC121768637;LOC121768638;LOC121767152;LOC121768639;LOC121767378;LOC121768640;LOC121768641;LOC121768143;LOC12176_2198;LOC121768144;LOC12176_2199;LOC12176_2200;LOC121768142;LOC121769533;LOC12176_2201;LOC121769534;LOC12176_2202;LOC121766310;LOC121769412	XP_042022190.1;XP_042022188.1;XP_042022189.1;XP_042019743.1;XP_042019742.1;XP_042021035.1;XP_042019885.1;XP_042018496.1;XP_042021100.1;XP_042019225.1;XP_042021101.1;XP_042022134.1;XP_042021102.1;XP_042021103.1;XP_042019290.1;XP_042021105.1;XP_042019566.1;XP_042021106.1;XP_042021107.1;XP_042020456.1;XP_042020455.1;XP_042020457.1;XP_042020454.1;XP_042020453.1;XP_042020452.1;XP_042022303.1;XP_042022302.1;XP_042022304.1;XP_042022306.1;XP_042018497.1;XP_042022147.1	
64	Alkaloid	32016414	32542523	526110	ADH_N_2, ADH_zinc_N, Bet_v_1, Transferase	-	NC_056046.1	LOC121766988;LOC121766991;LOC121766993;LOC121767676;LOC121767697;LOC121768982;LOC121767875;LOC121766994;LOC121766995;LOC121767844;LOC121766386;LOC12176_3144;LOC121766385;LOC121768129;LOC121768132;LOC121768130;LOC121768131;LOC121768128;LOC121767933;LOC121766999;LOC121767000;LOC121767151;LOC121767873;LOC121768495;LOC121768485;LOC121768484;LOC121767002	XP_042019144.1;XP_042019145.1;XP_042019147.1;XP_042019938.1;XP_042019957.1;XP_042021554.1;XP_042020141.1;XP_042019148.1;XP_042019149.1;XP_042020100.1;XP_042018612.1;XP_042018610.1;XP_042018611.1;XP_042020440.1;XP_042020444.1;XP_042020442.1;XP_042020443.1;XP_042020439.1;XP_042020193.1;XP_042019151.1;XP_042019152.1;XP_042019289.1;XP_042020139.1;XP_042020971.1;XP_042020964.1;XP_042020963.1;XP_042019154.1	
65	Alkaloid	33111955	34566333	1454380	2OG-FeII_Oxy, ADH_N_2, ADH_zinc_N, Bet_v_1, DIOX_N, p450	-	NC_056046.1	LOC121767019;LOC121768911;LOC121767021;LOC121767022;LOC121768912;LOC121768919;LOC121767029;LOC121767841;LOC121767832	XP_042019170.1;XP_042021460.1;XP_042019171.1;XP_042019172.1;XP_042021461.1;XP_042021465.1;XP_042019174.1;XP_042020097.1;XP_042020089.1	
66	Fatty_acid-Alkaloid	2529539	2650525	120990	BBE, FAD_binding_4, FA_hydroxylase	-	NC_056047.1	LOC121772545;LOC121772093;LOC12177_174;LOC121770905;LOC121770770;LOC121769852;LOC121771923;LOC121771924;LOC121771132;LOC121769695;LOC121769696;LOC121771926;LOC121770646;LOC121770794;LOC121770681	XP_042025616.1;XP_042024994.1;XP_042024995.1;XP_042023613.1;XP_042023477.1;XP_042022551.1;XP_042024760.1;XP_042024761.1;XP_042023859.1;XP_042022364.1;XP_042022365.1;XP_042024763.1;XP_042023339.1;XP_042023504.1;XP_042023381.1	
67	Saccharide	4797044	4846174	49130	Peptidase_S10, UDPGT_2	-	NC_056047.1	LOC121771980;LOC121770741;LOC121770742;LOC121771523;LOC12177_300;LOC12177_301;LOC121771514;LOC121770744;LOC121770743;LOC121771305	XP_042024821.1;XP_042023443.1;XP_042023444.1;XP_042024255.1;XP_042024256.1;XP_042024244.1;XP_042024243.1;XP_042023446.1;XP_042023445.1;XP_042024020.1	
68	Fatty_acid-Alkaloid	1582022	1754293	172270	BBE, FAD_binding_4, FA_hydroxylase	-	NC_056048.1	LOC121774974;LOC12177_1079;LOC121775502;LOC12177_1080;LOC121775501;LOC121775355;LOC121774014;LOC121773666;LOC121773895;LOC121773942;LOC121775401;LOC121773770;LOC121774187;LOC121775403;LOC121773872;LOC121774086;LOC121775404;LOC121775405;LOC121775406;LOC121773267;LOC121773521;LOC121773479;LOC121773759;LOC121775346;LOC121775515;LOC121773490;LOC121775407;LOC121773510;LOC121774691	XP_042027839.1;XP_042027838.1;XP_042028513.1;XP_042028514.1;XP_042028512.1;XP_042028367.1;XP_042026864.1;XP_042026502.1;XP_042026752.1;XP_042026788.1;XP_042028417.1;XP_042026622.1;XP_042027038.1;XP_042028418.1;XP_042026724.1;XP_042026947.1;XP_042028419.1;XP_042028420.1;XP_042028421.1;XP_042026014.1;XP_042026333.1;XP_042026283.1;XP_042026613.1;XP_042028359.1;XP_042028528.1;XP_042026292.1;XP_042028422.1;XP_042026319.1;XP_042027489.1	
69	Polyketide	24621860	24793692	171830	Abhydrolase_3, Chal_sti_synt_C, Epimerase	-	NC_056048.1	LOC121773719;LOC121773633;LOC121775146;LOC121775275;LOC121774181;LOC12177_1579;LOC121773438;LOC121775111;LOC121775572;LOC12177_1580;LOC12177_1581	XP_042026571.1;XP_042026462.1;XP_042028074.1;XP_042028268.1;XP_042027030.1;XP_042027029.1;XP_042026229.1;XP_042028019.1;XP_042028595.1;XP_042028596.1;XP_042028597.1	
70	Fatty_acid-Saccharide	24990512	25379569	389060	AMP-binding, Cellulose_synt, Transferase, UDPGT_2	oleananes	NC_056048.1	LOC121774522;LOC121773907;LOC121773956;LOC121774523;LOC121774524;LOC121773916;LOC121774525;LOC121773973;LOC121774526;LOC121774527;LOC121774139;LOC121773774;LOC121773987;LOC121774161;LOC121774528	XP_042027316.1;XP_042026763.1;XP_042026802.1;XP_042027317.1;XP_042027318.1;XP_042026769.1;XP_042027319.1;XP_042026818.1;XP_042027320.1;XP_042027321.1;XP_042026991.1;XP_042026626.1;XP_042026830.1;XP_042027007.1;XP_042027322.1	
71	Fatty_acid-Alkaloid	1509668	1729098	219430	BBE, FAD_binding_4, FA_hydroxylase	-	NC_056049.1	LOC121776918;LOC121776503;LOC121775832;LOC12177_2257;LOC121777586;LOC12177_2258;LOC121775923;LOC121777589;LOC121775869;LOC12177_2259;LOC121775703;LOC121776491;LOC121775769;LOC121777449;LOC121777550;LOC121777549	XP_042030000.1;XP_042029609.1;XP_042028838.1;XP_042028837.1;XP_042030820.1;XP_042030821.1;XP_042028952.1;XP_042030823.1;XP_042028880.1;XP_042028881.1;XP_042028660.1;XP_042029599.1;XP_042028745.1;XP_042030646.1;XP_042030774.1;XP_042030773.1	
72	Fatty_acid	21470889	21635664	164780	CER1-like_C, FA_hydroxylase, UbiA, p450	-	NC_056049.1	LOC12177_1812;LOC121777505;LOC12177_1811;LOC121777735;LOC121777734;LOC121777412;LOC121777838;LOC121776258;LOC121776412;LOC121776129;LOC121777548;LOC121777839;LOC121777351;LOC12177_1813;LOC12177_1814;LOC121777469;LOC121776296;LOC121777841;LOC121776517;LOC121777842;LOC121776473;LOC121776441;LOC121777844;LOC121776241;LOC121776295;LOC121777574;LOC121775836;LOC121776053;LOC121776362;LOC121777430;LOC12177_1815;LOC12177_1820;LOC12177_1819;LOC12177_1816;LOC12177_1817;LOC12177_1818;LOC121777848;LOC121776128;LOC121776338;LOC121777849;LOC121777039	XP_042030715.1;XP_042030714.1;XP_042030713.1;XP_042031014.1;XP_042031013.1;XP_042030600.1;XP_042031123.1;XP_042029353.1;XP_042029523.1;XP_042029204.1;XP_042030772.1;XP_042031124.1;XP_042030520.1;XP_042030521.1;XP_042030522.1;XP_042030671.1;XP_042029399.1;XP_042031125.1;XP_042029618.1;XP_042031126.1;XP_042029581.1;XP_042029549.1;XP_042031128.1;XP_042029333.1;XP_042029398.1;XP_042030804.1;XP_042028844.1;XP_042029107.1;XP_042029466.1;XP_042030622.1;XP_042030621.1;XP_042030624.1;XP_042030623.1;XP_042030620.1;XP_042030618.1;XP_042030619.1;XP_042031131.1;XP_042029203.1;XP_042029447.1;XP_042031132.1;XP_042030102.1	
73	Saccharide	3977646	4062847	85200	Abhydrolase_3, Cellulose_synt, Glyco_transf_28, UDPGT	-	NC_056050.1	LOC121778697;LOC121780004;LOC121779540;LOC121780173;LOC121779443;LOC121779839;LOC121778098	XP_042032026.1;XP_042033451.1;XP_042032814.1;XP_042033621.1;XP_042032700.1;XP_042033222.1;XP_042031314.1	
74	Terpene-Polyketide	21808678	21928815	120140	3Beta_HSD, Chal_sti_synt_C, Terpene_synth, Terpene_synth_C, p450	-	NC_056050.1	LOC121780138;LOC121778253;LOC121778732;LOC121779749;LOC121779748;LOC121779162;LOC121778299;LOC12177_2859;LOC12177_2860;LOC12177_2861;LOC12177_2862;LOC12177_2863;LOC12177_2864;LOC12177_2865;LOC121778525;LOC12177_2866;LOC121778524;LOC12177_2867;LOC121779163;LOC121779346;LOC12177_2870;LOC12177_2868;LOC12177_2869;LOC121779945;LOC121779769;LOC12177_2872;LOC121778641;LOC12177_2871	XP_042033594.1;XP_042031508.1;XP_042032072.1;XP_042033079.1;XP_042033078.1;XP_042032427.1;XP_042031556.1;XP_042031557.1;XP_042031558.1;XP_042031559.1;XP_042031560.1;XP_042031561.1;XP_042031562.1;XP_042031563.1;XP_042031829.1;XP_042031830.1;XP_042031827.1;XP_042031828.1;XP_042032428.1;XP_042032605.1;XP_042033363.1;XP_042033360.1;XP_042033361.1;XP_042033362.1;XP_042033118.1;XP_042031958.1;XP_042031959.1;XP_042031960.1	
75	Terpene	22100655	22342376	241720	Terpene_synth, Terpene_synth_C, p450	-	NC_056050.1	LOC121780218;LOC121779166;LOC121778212;LOC12177_2875;LOC121779547;LOC121779548;LOC121778538;LOC121778619;LOC121780327;LOC121778548;LOC121778587;LOC121778441	XP_042033686.1;XP_042032430.1;XP_042031457.1;XP_042031458.1;XP_042032824.1;XP_042032825.1;XP_042031845.1;XP_042031939.1;XP_042033832.1;XP_042031856.1;XP_042031889.1;XP_042031728.1	
76	Saccharide	22424308	22539594	115290	Epimerase, Glycos_transf_2, UDPGT_2	carboxyl	NC_056050.1	LOC121780254;LOC121779170;LOC121780453;LOC121778729;LOC12177_2879;LOC121779807;LOC12177_2880;LOC121778755;LOC121779847;LOC121779901;LOC121780247	XP_042033730.1;XP_042032432.1;XP_042034021.1;XP_042032069.1;XP_042033176.1;XP_042033177.1;XP_042033178.1;XP_042032093.1;XP_042033238.1;XP_042033297.1;XP_042033722.1	
77	Fatty_acid-Terpene	270124	426948	156820	AMP-binding, Terpene_synth, Terpene_synth_C, Transferase	-	NC_056051.1	LOC121781231;LOC121781223;LOC12178_823;LOC121781232;LOC121781215;LOC121781238;LOC121781235	XP_042034892.1;XP_042034879.1;XP_042034880.1;XP_042034893.1;XP_042034863.1;XP_042034899.1;XP_042034895.1	
78	Saccharide	786263	881193	94930	TPMT, Transferase, UDPGT_2	-	NC_056051.1	LOC121781830;LOC12178_1152;LOC12178_1153;LOC121781655;LOC121781657;LOC121781658;LOC121781268;LOC121781659;LOC121780819;LOC12178_1154;LOC121782636;LOC121780910;LOC12178_1155;LOC121780891;LOC121781211;LOC12178_1157;LOC121781210;LOC12178_1156;LOC121782445;LOC12178_1158;LOC12178_1159;LOC121782446	XP_042035464.1;XP_042035465.1;XP_042035466.1;XP_042035306.1;XP_042035307.1;XP_042035308.1;XP_042034942.1;XP_042035309.1;XP_042034389.1;XP_042034388.1;XP_042036501.1;XP_042034499.1;XP_042034500.1;XP_042034477.1;XP_042034860.1;XP_042034859.1;XP_042034858.1;XP_042034857.1;XP_042036229.1;XP_042036230.1;XP_042036231.1;XP_042036232.1	
79	Fatty_acid	2194551	2264329	69780	FA_desaturase, Transferase	-	NC_056051.1	LOC121782646;LOC12178_681;LOC12178_682;LOC12178_683;LOC12178_684;LOC121782673;LOC121782674;LOC12178_685;LOC121782394;LOC12178_686;LOC121782641;LOC121781913;LOC121781281;LOC121782676;LOC121781328;LOC121780798;LOC121782702;LOC121780981	XP_042036515.1;XP_042036516.1;XP_042036517.1;XP_042036518.1;XP_042036519.1;XP_042036558.1;XP_042036559.1;XP_042036145.1;XP_042036143.1;XP_042036144.1;XP_042036505.1;XP_042035554.1;XP_042034954.1;XP_042036561.1;XP_042035009.1;XP_042034360.1;XP_042036587.1;XP_042034581.1	
80	Saccharide	2917777	2987798	70020	Abhydrolase_3, Cellulose_synt, Glyco_transf_28, UDPGT	-	NC_056051.1	LOC121780703;LOC121780995;LOC121780908;LOC121780749;LOC121782697;LOC121781016;LOC12178_710;LOC121782700;LOC121782701;LOC121782908	XP_042034265.1;XP_042034598.1;XP_042034498.1;XP_042034308.1;XP_042036584.1;XP_042034627.1;XP_042034628.1;XP_042036585.1;XP_042036586.1;XP_042036839.1	
81	Terpene-Polyketide	21451956	21609896	157940	3Beta_HSD, Chal_sti_synt_C, Terpene_synth, Terpene_synth_C	-	NC_056051.1	LOC121780867;LOC121780847;LOC121782739;LOC121782022;LOC121782456;LOC12178_797;LOC12178_798;LOC121782532;LOC121783064	XP_042034440.1;XP_042034421.1;XP_042036622.1;XP_042035662.1;XP_042036243.1;XP_042036245.1;XP_042036244.1;XP_042036341.1;XP_042037047.1	
82	Putative	425294	575573	150280	Transferase, p450	-	NC_056052.1	LOC121785223;LOC121785224;LOC121783927;LOC121785537;LOC121783714;LOC121785412;LOC121783670;LOC121784551;LOC121783740;LOC121783243;LOC121784010;LOC121785228	XP_042039541.1;XP_042039542.1;XP_042038049.1;XP_042039925.1;XP_042037800.1;XP_042039762.1;XP_042037748.1;XP_042038646.1;XP_042037845.1;XP_042037190.1;XP_042038124.1;XP_042039545.1	
83	Alkaloid	1012151	1125406	113250	Aminotran_1_2, Cu_amine_oxid, adh_short	-	NC_056052.1	LOC121785481;LOC121783690;LOC121785539;LOC121785242;LOC121783746;LOC12178_1531;LOC121785195;LOC121785514;LOC121785515;LOC121785490;LOC121784811;LOC12178_1532;LOC121784812;LOC121784809;LOC121783607	XP_042039860.1;XP_042037770.1;XP_042039927.1;XP_042039560.1;XP_042037848.1;XP_042037849.1;XP_042039508.1;XP_042039903.1;XP_042039904.1;XP_042039870.1;XP_042038983.1;XP_042038982.1;XP_042038984.1;XP_042038981.1;XP_042037667.1	
84	Saccharide	6474904	6605742	130840	Amino_oxidase, Epimerase, UDPGT_2	-	NC_056052.1	LOC121783611;LOC12178_1686;LOC12178_1687;LOC12178_1688;LOC121785171;LOC121783487;LOC121783488;LOC121784479;LOC121784057;LOC121785327;LOC12178_1689;LOC121783212;LOC121785581;LOC12178_1690;LOC12178_1691;LOC121784986;LOC121785220;LOC121785219	XP_042037669.1;XP_042037673.1;XP_042037670.1;XP_042037671.1;XP_042039484.1;XP_042037510.1;XP_042037511.1;XP_042038547.1;XP_042038174.1;XP_042039645.1;XP_042039646.1;XP_042037150.1;XP_042039987.1;XP_042039988.1;XP_042039989.1;XP_042039230.1;XP_042039538.1;XP_042039536.1	
85	Phenolamide	21328205	21369165	40960	Pyridoxal_deC, Transferase	-	NC_056052.1	LOC121784371;LOC121783629;LOC121783195;LOC121784374	XP_042038453.1;XP_042037697.1;XP_042037122.1;XP_042038454.1	
86	Saccharide	21486401	21575999	89600	AMP-binding, Amino_oxidase, Glycos_transf_1	-	NC_056052.1	LOC121783614;LOC121785071;LOC121785070;LOC121783222;LOC121783753;LOC12178_1897;LOC121785048;LOC12178_1898;LOC121783305	XP_042037675.1;XP_042039343.1;XP_042039342.1;XP_042037167.1;XP_042037856.1;XP_042037858.1;XP_042039322.1;XP_042039321.1;XP_042037268.1	
87	Fatty_acid-Saccharide	22307157	22421810	114650	FA_hydroxylase, NAD_binding_1, UDPGT_2	flavonoid-2	NC_056052.1	LOC121785482;LOC121783691;LOC12178_1935;LOC121784840;LOC121783649;LOC12178_1936;LOC121784717;LOC121784716;LOC121783553;LOC12178_1937;LOC12178_1938;LOC12178_1939;LOC121783762;LOC12178_1940;LOC121783299;LOC121783459;LOC121783306;LOC121783310;LOC121783849	XP_042039861.1;XP_042037773.1;XP_042037772.1;XP_042039020.1;XP_042037723.1;XP_042037724.1;XP_042038864.1;XP_042038862.1;XP_042037593.1;XP_042037592.1;XP_042037594.1;XP_042037595.1;XP_042037874.1;XP_042037264.1;XP_042037263.1;XP_042037467.1;XP_042037269.1;XP_042037276.1;XP_042037959.1	
88	Terpene	24070381	24141937	71560	Terpene_synth, Terpene_synth_C, p450	-	NC_056052.1	LOC121783559;LOC121783560;LOC121783784;LOC121785163;LOC121784409;LOC121783193;LOC121785344;LOC121783532	XP_042037602.1;XP_042037604.1;XP_042037896.1;XP_042039473.1;XP_042038485.1;XP_042037120.1;XP_042039660.1;XP_042037563.1	
89	Putative	428391	562781	134390	Transferase, p450	-	NC_056053.1	LOC121786107;LOC121786216;LOC121787778;LOC121786543;LOC121786413;LOC121787782;LOC121787783;LOC121787784;LOC121786195;LOC121787785;LOC121785788;LOC12178_2257;LOC121785970;LOC121788060	XP_042040577.1;XP_042040738.1;XP_042042553.1;XP_042041117.1;XP_042040975.1;XP_042042555.1;XP_042042557.1;XP_042042558.1;XP_042040708.1;XP_042042559.1;XP_042040163.1;XP_042040162.1;XP_042040399.1;XP_042042854.1	
90	Saccharide-Alkaloid	5539331	5724199	184870	AMP-binding, BBE, FAD_binding_4, Glyco_hydro_1, Methyltransf_11, NAD_binding_1	-	NC_056053.1	LOC121786635;LOC121786636;LOC121787938;LOC121788008;LOC121788010;LOC121786638;LOC12178_2439;LOC121785826;LOC12178_2435;LOC12178_2436;LOC12178_2437;LOC12178_2438;LOC121785828;LOC12178_2440;LOC121787461;LOC121785759;LOC121786415;LOC121786414;LOC121785984;LOC12178_2441;LOC12178_2442;LOC12178_2443;LOC121785801;LOC121787438;LOC121786201;LOC121787672;LOC12178_2444;LOC12178_2445;LOC12178_2446;LOC121787690	XP_042041203.1;XP_042041204.1;XP_042042716.1;XP_042042797.1;XP_042042798.1;XP_042041205.1;XP_042040217.1;XP_042040212.1;XP_042040213.1;XP_042040214.1;XP_042040215.1;XP_042040216.1;XP_042040218.1;XP_042042124.1;XP_042042123.1;XP_042040120.1;XP_042040977.1;XP_042040976.1;XP_042040421.1;XP_042040418.1;XP_042040419.1;XP_042040420.1;XP_042040177.1;XP_042042090.1;XP_042040711.1;XP_042042407.1;XP_042042408.1;XP_042042409.1;XP_042042410.1;XP_042042437.1	
91	Phenolamide	18452289	18487225	34940	Pyridoxal_deC, Transferase	-	NC_056053.1	LOC121786864;LOC121786865;LOC121785783;LOC121786507;LOC121785886;LOC121787561;LOC121786866;LOC121786167	XP_042041402.1;XP_042041403.1;XP_042040152.1;XP_042041076.1;XP_042040287.1;XP_042042268.1;XP_042041405.1;XP_042040661.1	
92	Saccharide	18555738	18663221	107480	AMP-binding, Amino_oxidase, Glycos_transf_1, SQS_PSY	-	NC_056053.1	LOC121785920;LOC121787230;LOC121787231;LOC12178_2680;LOC12178_2681;LOC121787229;LOC121786016;LOC12178_2682;LOC12178_2683;LOC121788027;LOC121786259;LOC12178_2684;LOC121787483	XP_042040338.1;XP_042041845.1;XP_042041846.1;XP_042041848.1;XP_042041849.1;XP_042041844.1;XP_042040456.1;XP_042040457.1;XP_042040458.1;XP_042042815.1;XP_042040793.1;XP_042040792.1;XP_042042149.1	
