potentialBGC	protein_ids	Gene cluster gene accessions
1	lcl|NC_079487.1_cds_XP_056687278.1_125_lcl|NC_079487.1_cds_XP_056687278.1_125_1;lcl|NC_079487.1_cds_XP_021835217.1_126_lcl|NC_079487.1_cds_XP_021835217.1_126_1;lcl|NC_079487.1_cds_XP_021835220.1_128_lcl|NC_079487.1_cds_XP_021835220.1_128_1	XP_021835217.1;XP_021835220.1;XP_056687278.1
2	lcl|NC_079487.1_cds_XP_021854179.1_743_lcl|NC_079487.1_cds_XP_021854179.1_743_1;lcl|NC_079487.1_cds_XP_021854177.2_744_lcl|NC_079487.1_cds_XP_021854177.2_744_1;lcl|NC_079487.1_cds_XP_056691166.1_745_lcl|NC_079487.1_cds_XP_056691166.1_745_1;lcl|NC_079487.1_cds_XP_056688503.1_746_lcl|NC_079487.1_cds_XP_056688503.1_746_1	XP_021854177.2;XP_021854179.1;XP_056688503.1;XP_056691166.1
3	lcl|NC_079487.1_cds_XP_021838944.1_966_lcl|NC_079487.1_cds_XP_021838944.1_966_1;lcl|NC_079487.1_cds_XP_056691243.1_967_lcl|NC_079487.1_cds_XP_056691243.1_967_1;lcl|NC_079487.1_cds_XP_021838330.2_968_lcl|NC_079487.1_cds_XP_021838330.2_968_1	XP_021838330.2;XP_021838944.1;XP_056691243.1
4	lcl|NC_079487.1_cds_XP_021853512.2_1107_lcl|NC_079487.1_cds_XP_021853512.2_1107_1;lcl|NC_079487.1_cds_XP_021853506.1_1108_lcl|NC_079487.1_cds_XP_021853506.1_1108_1;lcl|NC_079487.1_cds_XP_021853505.1_1109_lcl|NC_079487.1_cds_XP_021853505.1_1109_1	XP_021853505.1;XP_021853506.1;XP_021853512.2
5	lcl|NC_079487.1_cds_XP_056687717.1_1757_lcl|NC_079487.1_cds_XP_056687717.1_1757_1;lcl|NC_079487.1_cds_XP_056687743.1_1758_lcl|NC_079487.1_cds_XP_056687743.1_1758_1;lcl|NC_079487.1_cds_XP_021859596.2_1759_lcl|NC_079487.1_cds_XP_021859596.2_1759_1	XP_021859596.2;XP_056687717.1;XP_056687743.1
6	lcl|NC_079487.1_cds_XP_056690701.1_1844_lcl|NC_079487.1_cds_XP_056690701.1_1844_1;lcl|NC_079487.1_cds_XP_021837223.2_1845_lcl|NC_079487.1_cds_XP_021837223.2_1845_1;lcl|NC_079487.1_cds_XP_021837219.1_1846_lcl|NC_079487.1_cds_XP_021837219.1_1846_1	XP_021837219.1;XP_021837223.2;XP_056690701.1
7	lcl|NC_079487.1_cds_XP_056690710.1_1981_lcl|NC_079487.1_cds_XP_056690710.1_1981_1;lcl|NC_079487.1_cds_XP_056690709.1_1982_lcl|NC_079487.1_cds_XP_056690709.1_1982_1;lcl|NC_079487.1_cds_XP_056690485.1_1983_lcl|NC_079487.1_cds_XP_056690485.1_1983_1	XP_056690485.1;XP_056690709.1;XP_056690710.1
8	lcl|NC_079487.1_cds_XP_056690226.1_2200_lcl|NC_079487.1_cds_XP_056690226.1_2200_1;lcl|NC_079487.1_cds_XP_021860780.2_2201_lcl|NC_079487.1_cds_XP_021860780.2_2201_1;lcl|NC_079487.1_cds_XP_021860778.1_2202_lcl|NC_079487.1_cds_XP_021860778.1_2202_1	XP_021860778.1;XP_021860780.2;XP_056690226.1
9	lcl|NC_079487.1_cds_XP_056690244.1_2320_lcl|NC_079487.1_cds_XP_056690244.1_2320_1;lcl|NC_079487.1_cds_XP_056690245.1_2321_lcl|NC_079487.1_cds_XP_056690245.1_2321_1;lcl|NC_079487.1_cds_XP_021837603.1_2323_lcl|NC_079487.1_cds_XP_021837603.1_2323_1	XP_021837603.1;XP_056690244.1;XP_056690245.1
10	lcl|NC_079487.1_cds_XP_021838594.2_2588_lcl|NC_079487.1_cds_XP_021838594.2_2588_1;lcl|NC_079487.1_cds_XP_021838595.1_2589_lcl|NC_079487.1_cds_XP_021838595.1_2589_1;lcl|NC_079487.1_cds_XP_021838597.1_2590_lcl|NC_079487.1_cds_XP_021838597.1_2590_1	XP_021838594.2;XP_021838595.1;XP_021838597.1
11	lcl|NC_079487.1_cds_XP_056692123.1_2601_lcl|NC_079487.1_cds_XP_056692123.1_2601_1;lcl|NC_079487.1_cds_XP_056692119.1_2602_lcl|NC_079487.1_cds_XP_056692119.1_2602_1;lcl|NC_079487.1_cds_XP_056692114.1_2603_lcl|NC_079487.1_cds_XP_056692114.1_2603_1	XP_056692114.1;XP_056692119.1;XP_056692123.1
12	lcl|NC_079487.1_cds_XP_021838559.1_2775_lcl|NC_079487.1_cds_XP_021838559.1_2775_1;lcl|NC_079487.1_cds_XP_021838556.2_2776_lcl|NC_079487.1_cds_XP_021838556.2_2776_1;lcl|NC_079487.1_cds_XP_021838560.1_2780_lcl|NC_079487.1_cds_XP_021838560.1_2780_1	XP_021838556.2;XP_021838559.1;XP_021838560.1
13	lcl|NC_079487.1_cds_XP_021835287.1_2904_lcl|NC_079487.1_cds_XP_021835287.1_2904_1;lcl|NC_079487.1_cds_XP_021835290.2_2905_lcl|NC_079487.1_cds_XP_021835290.2_2905_1;lcl|NC_079487.1_cds_XP_021835280.1_2906_lcl|NC_079487.1_cds_XP_021835280.1_2906_1	XP_021835280.1;XP_021835287.1;XP_021835290.2
14	lcl|NC_079487.1_cds_XP_056690349.1_3144_lcl|NC_079487.1_cds_XP_056690349.1_3144_1;lcl|NC_079487.1_cds_XP_021838640.1_3145_lcl|NC_079487.1_cds_XP_021838640.1_3145_1;lcl|NC_079487.1_cds_XP_021838639.2_3146_lcl|NC_079487.1_cds_XP_021838639.2_3146_1;lcl|NC_079487.1_cds_XP_021838050.2_3147_lcl|NC_079487.1_cds_XP_021838050.2_3147_1	XP_021838050.2;XP_021838639.2;XP_021838640.1;XP_056690349.1
15	lcl|NC_079487.1_cds_XP_021863049.1_3314_lcl|NC_079487.1_cds_XP_021863049.1_3314_1;lcl|NC_079487.1_cds_XP_021863053.1_3315_lcl|NC_079487.1_cds_XP_021863053.1_3315_1;lcl|NC_079487.1_cds_XP_021863056.1_3318_lcl|NC_079487.1_cds_XP_021863056.1_3318_1	XP_021863049.1;XP_021863053.1;XP_021863056.1
16	lcl|NC_079487.1_cds_XP_021866382.1_3464_lcl|NC_079487.1_cds_XP_021866382.1_3464_1;lcl|NC_079487.1_cds_XP_021866392.1_3465_lcl|NC_079487.1_cds_XP_021866392.1_3465_1;lcl|NC_079487.1_cds_XP_021866391.2_3466_lcl|NC_079487.1_cds_XP_021866391.2_3466_1	XP_021866382.1;XP_021866391.2;XP_021866392.1
17	lcl|NC_079487.1_cds_XP_021847056.1_3726_lcl|NC_079487.1_cds_XP_021847056.1_3726_1;lcl|NC_079487.1_cds_XP_021847057.1_3727_lcl|NC_079487.1_cds_XP_021847057.1_3727_1;lcl|NC_079487.1_cds_XP_021847058.1_3728_lcl|NC_079487.1_cds_XP_021847058.1_3728_1	XP_021847056.1;XP_021847057.1;XP_021847058.1
18	lcl|NC_079487.1_cds_XP_021847070.1_3745_lcl|NC_079487.1_cds_XP_021847070.1_3745_1;lcl|NC_079487.1_cds_XP_021847014.1_3746_lcl|NC_079487.1_cds_XP_021847014.1_3746_1;lcl|NC_079487.1_cds_XP_021847032.1_3747_lcl|NC_079487.1_cds_XP_021847032.1_3747_1	XP_021847014.1;XP_021847032.1;XP_021847070.1
19	lcl|NC_079487.1_cds_XP_056690419.1_3907_lcl|NC_079487.1_cds_XP_056690419.1_3907_1;lcl|NC_079487.1_cds_XP_021862771.1_3908_lcl|NC_079487.1_cds_XP_021862771.1_3908_1;lcl|NC_079487.1_cds_XP_021862770.1_3909_lcl|NC_079487.1_cds_XP_021862770.1_3909_1	XP_021862770.1;XP_021862771.1;XP_056690419.1
20	lcl|NC_079487.1_cds_XP_021864411.1_4489_lcl|NC_079487.1_cds_XP_021864411.1_4489_1;lcl|NC_079487.1_cds_XP_021864410.2_4490_lcl|NC_079487.1_cds_XP_021864410.2_4490_1;lcl|NC_079487.1_cds_XP_021864409.2_4491_lcl|NC_079487.1_cds_XP_021864409.2_4491_1	XP_021864409.2;XP_021864410.2;XP_021864411.1
21	lcl|NC_079487.1_cds_XP_021835173.2_5192_lcl|NC_079487.1_cds_XP_021835173.2_5192_1;lcl|NC_079487.1_cds_XP_021835165.1_5193_lcl|NC_079487.1_cds_XP_021835165.1_5193_1;lcl|NC_079487.1_cds_XP_021835159.1_5194_lcl|NC_079487.1_cds_XP_021835159.1_5194_1	XP_021835159.1;XP_021835165.1;XP_021835173.2
22	lcl|NC_079487.1_cds_XP_021834950.1_5233_lcl|NC_079487.1_cds_XP_021834950.1_5233_1;lcl|NC_079487.1_cds_XP_021834924.1_5234_lcl|NC_079487.1_cds_XP_021834924.1_5234_1;lcl|NC_079487.1_cds_XP_021834933.1_5235_lcl|NC_079487.1_cds_XP_021834933.1_5235_1;lcl|NC_079487.1_cds_XP_021834918.1_5236_lcl|NC_079487.1_cds_XP_021834918.1_5236_1	XP_021834918.1;XP_021834924.1;XP_021834933.1;XP_021834950.1
23	lcl|NC_079487.1_cds_XP_021849878.1_5409_lcl|NC_079487.1_cds_XP_021849878.1_5409_1;lcl|NC_079487.1_cds_XP_021849885.2_5410_lcl|NC_079487.1_cds_XP_021849885.2_5410_1;lcl|NC_079487.1_cds_XP_021849918.2_5411_lcl|NC_079487.1_cds_XP_021849918.2_5411_1;lcl|NC_079487.1_cds_XP_021838969.1_5412_lcl|NC_079487.1_cds_XP_021838969.1_5412_1	XP_021838969.1;XP_021849878.1;XP_021849885.2;XP_021849918.2
24	lcl|NC_079487.1_cds_XP_021842809.2_5452_lcl|NC_079487.1_cds_XP_021842809.2_5452_2;lcl|NC_079487.1_cds_XP_021867574.1_5453_lcl|NC_079487.1_cds_XP_021867574.1_5453_1;lcl|NC_079487.1_cds_XP_056690493.1_5454_lcl|NC_079487.1_cds_XP_056690493.1_5454_1	XP_021842809.2;XP_021867574.1;XP_056690493.1
25	lcl|NC_079487.1_cds_XP_021842811.2_5457_lcl|NC_079487.1_cds_XP_021842811.2_5457_1;lcl|NC_079487.1_cds_XP_021842813.1_5458_lcl|NC_079487.1_cds_XP_021842813.1_5458_1;lcl|NC_079487.1_cds_XP_056682643.1_5459_lcl|NC_079487.1_cds_XP_056682643.1_5459_1	XP_021842811.2;XP_021842813.1;XP_056682643.1
26	lcl|NC_079487.1_cds_XP_021843000.1_5707_lcl|NC_079487.1_cds_XP_021843000.1_5707_1;lcl|NC_079487.1_cds_XP_021842999.1_5708_lcl|NC_079487.1_cds_XP_021842999.1_5708_1;lcl|NC_079487.1_cds_XP_021864198.1_5718_lcl|NC_079487.1_cds_XP_021864198.1_5718_1	XP_021842999.1;XP_021843000.1;XP_021864198.1
27	lcl|NC_079487.1_cds_XP_021865568.1_6184_lcl|NC_079487.1_cds_XP_021865568.1_6184_1;lcl|NC_079487.1_cds_XP_056684882.1_6185_lcl|NC_079487.1_cds_XP_056684882.1_6185_1;lcl|NC_079487.1_cds_XP_056684882.1_6185_lcl|NC_079487.1_cds_XP_056684882.1_6185_2;lcl|NC_079487.1_cds_XP_021865541.1_6186_lcl|NC_079487.1_cds_XP_021865541.1_6186_1;lcl|NC_079487.1_cds_XP_021840148.1_6194_lcl|NC_079487.1_cds_XP_021840148.1_6194_1;lcl|NC_079487.1_cds_XP_021847511.1_6195_lcl|NC_079487.1_cds_XP_021847511.1_6195_1	XP_021840148.1;XP_021847511.1;XP_021865541.1;XP_021865568.1;XP_056684882.1
28	lcl|NC_079488.1_cds_XP_021867369.1_8571_lcl|NC_079488.1_cds_XP_021867369.1_8571_1;lcl|NC_079488.1_cds_XP_056691917.1_8572_lcl|NC_079488.1_cds_XP_056691917.1_8572_1;lcl|NC_079488.1_cds_XP_021854662.2_8574_lcl|NC_079488.1_cds_XP_021854662.2_8574_1	XP_021854662.2;XP_021867369.1;XP_056691917.1
29	lcl|NC_079488.1_cds_XP_021851954.2_8919_lcl|NC_079488.1_cds_XP_021851954.2_8919_1;lcl|NC_079488.1_cds_XP_021851955.2_8920_lcl|NC_079488.1_cds_XP_021851955.2_8920_1;lcl|NC_079488.1_cds_XP_021851953.1_8921_lcl|NC_079488.1_cds_XP_021851953.1_8921_1	XP_021851953.1;XP_021851954.2;XP_021851955.2
30	lcl|NC_079488.1_cds_XP_021838270.1_9298_lcl|NC_079488.1_cds_XP_021838270.1_9298_1;lcl|NC_079488.1_cds_XP_056692058.1_9300_lcl|NC_079488.1_cds_XP_056692058.1_9300_1;lcl|NC_079488.1_cds_XP_021837880.1_9301_lcl|NC_079488.1_cds_XP_021837880.1_9301_1	XP_021837880.1;XP_021838270.1;XP_056692058.1
31	lcl|NC_079488.1_cds_XP_021852166.1_9831_lcl|NC_079488.1_cds_XP_021852166.1_9831_1;lcl|NC_079488.1_cds_XP_021852172.2_9832_lcl|NC_079488.1_cds_XP_021852172.2_9832_1;lcl|NC_079488.1_cds_XP_021852173.2_9833_lcl|NC_079488.1_cds_XP_021852173.2_9833_1	XP_021852166.1;XP_021852172.2;XP_021852173.2
32	lcl|NC_079488.1_cds_XP_021852038.2_10325_lcl|NC_079488.1_cds_XP_021852038.2_10325_1;lcl|NC_079488.1_cds_XP_021852039.2_10326_lcl|NC_079488.1_cds_XP_021852039.2_10326_1;lcl|NC_079488.1_cds_XP_021852040.1_10327_lcl|NC_079488.1_cds_XP_021852040.1_10327_1;lcl|NC_079488.1_cds_XP_056691528.1_10333_lcl|NC_079488.1_cds_XP_056691528.1_10333_1	XP_021852038.2;XP_021852039.2;XP_021852040.1;XP_056691528.1
33	lcl|NC_079488.1_cds_XP_021860539.1_11309_lcl|NC_079488.1_cds_XP_021860539.1_11309_2;lcl|NC_079488.1_cds_XP_021860518.1_11310_lcl|NC_079488.1_cds_XP_021860518.1_11310_1;lcl|NC_079488.1_cds_XP_021860552.1_11311_lcl|NC_079488.1_cds_XP_021860552.1_11311_1	XP_021860518.1;XP_021860539.1;XP_021860552.1
34	lcl|NC_079488.1_cds_XP_021850495.1_11493_lcl|NC_079488.1_cds_XP_021850495.1_11493_1;lcl|NC_079488.1_cds_XP_056693586.1_11494_lcl|NC_079488.1_cds_XP_056693586.1_11494_1;lcl|NC_079488.1_cds_XP_021849039.1_11495_lcl|NC_079488.1_cds_XP_021849039.1_11495_1	XP_021849039.1;XP_021850495.1;XP_056693586.1
35	lcl|NC_079488.1_cds_XP_021850649.1_11508_lcl|NC_079488.1_cds_XP_021850649.1_11508_1;lcl|NC_079488.1_cds_XP_021850667.1_11510_lcl|NC_079488.1_cds_XP_021850667.1_11510_1;lcl|NC_079488.1_cds_XP_021850674.1_11511_lcl|NC_079488.1_cds_XP_021850674.1_11511_1	XP_021850649.1;XP_021850667.1;XP_021850674.1
36	lcl|NC_079488.1_cds_XP_021850870.1_11558_lcl|NC_079488.1_cds_XP_021850870.1_11558_1;lcl|NC_079488.1_cds_XP_021850874.1_11559_lcl|NC_079488.1_cds_XP_021850874.1_11559_1;lcl|NC_079488.1_cds_XP_021850889.1_11561_lcl|NC_079488.1_cds_XP_021850889.1_11561_1	XP_021850870.1;XP_021850874.1;XP_021850889.1
37	lcl|NC_079488.1_cds_XP_021850962.2_11568_lcl|NC_079488.1_cds_XP_021850962.2_11568_1;lcl|NC_079488.1_cds_XP_056693610.1_11569_lcl|NC_079488.1_cds_XP_056693610.1_11569_1;lcl|NC_079488.1_cds_XP_056693611.1_11570_lcl|NC_079488.1_cds_XP_056693611.1_11570_1;lcl|NC_079488.1_cds_XP_056693612.1_11571_lcl|NC_079488.1_cds_XP_056693612.1_11571_1;lcl|NC_079488.1_cds_XP_021851707.2_11572_lcl|NC_079488.1_cds_XP_021851707.2_11572_1;lcl|NC_079488.1_cds_XP_021851683.1_11573_lcl|NC_079488.1_cds_XP_021851683.1_11573_1	XP_021850962.2;XP_021851683.1;XP_021851707.2;XP_056693610.1;XP_056693611.1;XP_056693612.1
38	lcl|NC_079488.1_cds_XP_021845447.1_11659_lcl|NC_079488.1_cds_XP_021845447.1_11659_1;lcl|NC_079488.1_cds_XP_056692263.1_11660_lcl|NC_079488.1_cds_XP_056692263.1_11660_1;lcl|NC_079488.1_cds_XP_021845007.1_11661_lcl|NC_079488.1_cds_XP_021845007.1_11661_1	XP_021845007.1;XP_021845447.1;XP_056692263.1
39	lcl|NC_079488.1_cds_XP_021838727.1_12394_lcl|NC_079488.1_cds_XP_021838727.1_12394_1;lcl|NC_079488.1_cds_XP_021838649.1_12395_lcl|NC_079488.1_cds_XP_021838649.1_12395_1;lcl|NC_079488.1_cds_XP_021845901.2_12396_lcl|NC_079488.1_cds_XP_021845901.2_12396_1	XP_021838649.1;XP_021838727.1;XP_021845901.2
40	lcl|NC_079488.1_cds_XP_021866777.1_12479_lcl|NC_079488.1_cds_XP_021866777.1_12479_1;lcl|NC_079488.1_cds_XP_021866676.2_12480_lcl|NC_079488.1_cds_XP_021866676.2_12480_1;lcl|NC_079488.1_cds_XP_021866864.1_12481_lcl|NC_079488.1_cds_XP_021866864.1_12481_1	XP_021866676.2;XP_021866777.1;XP_021866864.1
41	lcl|NC_079489.1_cds_XP_056697184.1_12943_lcl|NC_079489.1_cds_XP_056697184.1_12943_1;lcl|NC_079489.1_cds_XP_056694169.1_12944_lcl|NC_079489.1_cds_XP_056694169.1_12944_1;lcl|NC_079489.1_cds_XP_056694170.1_12945_lcl|NC_079489.1_cds_XP_056694170.1_12945_1	XP_056694169.1;XP_056694170.1;XP_056697184.1
42	lcl|NC_079489.1_cds_XP_056694194.1_13014_lcl|NC_079489.1_cds_XP_056694194.1_13014_1;lcl|NC_079489.1_cds_XP_056697195.1_13015_lcl|NC_079489.1_cds_XP_056697195.1_13015_1;lcl|NC_079489.1_cds_XP_056694197.1_13016_lcl|NC_079489.1_cds_XP_056694197.1_13016_2	XP_056694194.1;XP_056694197.1;XP_056697195.1
43	lcl|NC_079489.1_cds_XP_056694323.1_13389_lcl|NC_079489.1_cds_XP_056694323.1_13389_1;lcl|NC_079489.1_cds_XP_021844310.2_13390_lcl|NC_079489.1_cds_XP_021844310.2_13390_1;lcl|NC_079489.1_cds_XP_056697224.1_13393_lcl|NC_079489.1_cds_XP_056697224.1_13393_1;lcl|NC_079489.1_cds_XP_056694324.1_13394_lcl|NC_079489.1_cds_XP_056694324.1_13394_1	XP_021844310.2;XP_056694323.1;XP_056694324.1;XP_056697224.1
44	lcl|NC_079489.1_cds_XP_056694430.1_13677_lcl|NC_079489.1_cds_XP_056694430.1_13677_1;lcl|NC_079489.1_cds_XP_021843119.2_13678_lcl|NC_079489.1_cds_XP_021843119.2_13678_1;lcl|NC_079489.1_cds_XP_021843120.1_13679_lcl|NC_079489.1_cds_XP_021843120.1_13679_1	XP_021843119.2;XP_021843120.1;XP_056694430.1
45	lcl|NC_079489.1_cds_XP_021863165.1_14276_lcl|NC_079489.1_cds_XP_021863165.1_14276_1;lcl|NC_079489.1_cds_XP_021863163.1_14277_lcl|NC_079489.1_cds_XP_021863163.1_14277_1;lcl|NC_079489.1_cds_XP_021863162.2_14278_lcl|NC_079489.1_cds_XP_021863162.2_14278_1;lcl|NC_079489.1_cds_XP_021863120.1_14279_lcl|NC_079489.1_cds_XP_021863120.1_14279_1;lcl|NC_079489.1_cds_XP_021863133.1_14280_lcl|NC_079489.1_cds_XP_021863133.1_14280_1	XP_021863120.1;XP_021863133.1;XP_021863162.2;XP_021863163.1;XP_021863165.1
46	lcl|NC_079489.1_cds_XP_056694663.1_14370_lcl|NC_079489.1_cds_XP_056694663.1_14370_1;lcl|NC_079489.1_cds_XP_021849220.1_14371_lcl|NC_079489.1_cds_XP_021849220.1_14371_1;lcl|NC_079489.1_cds_XP_021849221.1_14372_lcl|NC_079489.1_cds_XP_021849221.1_14372_1	XP_021849220.1;XP_021849221.1;XP_056694663.1
47	lcl|NC_079489.1_cds_XP_021848402.1_14415_lcl|NC_079489.1_cds_XP_021848402.1_14415_1;lcl|NC_079489.1_cds_XP_021848401.1_14416_lcl|NC_079489.1_cds_XP_021848401.1_14416_1;lcl|NC_079489.1_cds_XP_056694673.1_14417_lcl|NC_079489.1_cds_XP_056694673.1_14417_1	XP_021848401.1;XP_021848402.1;XP_056694673.1
48	lcl|NC_079489.1_cds_XP_056695137.1_14837_lcl|NC_079489.1_cds_XP_056695137.1_14837_1;lcl|NC_079489.1_cds_XP_056695138.1_14838_lcl|NC_079489.1_cds_XP_056695138.1_14838_1;lcl|NC_079489.1_cds_XP_056695139.1_14839_lcl|NC_079489.1_cds_XP_056695139.1_14839_1	XP_056695137.1;XP_056695138.1;XP_056695139.1
49	lcl|NC_079489.1_cds_XP_021867128.1_14842_lcl|NC_079489.1_cds_XP_021867128.1_14842_1;lcl|NC_079489.1_cds_XP_021867119.1_14843_lcl|NC_079489.1_cds_XP_021867119.1_14843_1;lcl|NC_079489.1_cds_XP_056694846.1_14844_lcl|NC_079489.1_cds_XP_056694846.1_14844_1	XP_021867119.1;XP_021867128.1;XP_056694846.1
50	lcl|NC_079489.1_cds_XP_021851414.1_15218_lcl|NC_079489.1_cds_XP_021851414.1_15218_1;lcl|NC_079489.1_cds_XP_021851412.1_15219_lcl|NC_079489.1_cds_XP_021851412.1_15219_1;lcl|NC_079489.1_cds_XP_021851411.1_15220_lcl|NC_079489.1_cds_XP_021851411.1_15220_1	XP_021851411.1;XP_021851412.1;XP_021851414.1
51	lcl|NC_079489.1_cds_XP_056695095.1_16553_lcl|NC_079489.1_cds_XP_056695095.1_16553_1;lcl|NC_079489.1_cds_XP_056696280.1_16554_lcl|NC_079489.1_cds_XP_056696280.1_16554_1;lcl|NC_079489.1_cds_XP_056696279.1_16555_lcl|NC_079489.1_cds_XP_056696279.1_16555_1	XP_056695095.1;XP_056696279.1;XP_056696280.1
52	lcl|NC_079489.1_cds_XP_021843530.1_17007_lcl|NC_079489.1_cds_XP_021843530.1_17007_1;lcl|NC_079489.1_cds_XP_021843529.2_17008_lcl|NC_079489.1_cds_XP_021843529.2_17008_1;lcl|NC_079489.1_cds_XP_021843528.1_17009_lcl|NC_079489.1_cds_XP_021843528.1_17009_1	XP_021843528.1;XP_021843529.2;XP_021843530.1
53	lcl|NC_079489.1_cds_XP_056695193.1_17016_lcl|NC_079489.1_cds_XP_056695193.1_17016_1;lcl|NC_079489.1_cds_XP_021843527.2_17017_lcl|NC_079489.1_cds_XP_021843527.2_17017_1;lcl|NC_079489.1_cds_XP_021843524.2_17018_lcl|NC_079489.1_cds_XP_021843524.2_17018_1;lcl|NC_079489.1_cds_XP_021843525.2_17019_lcl|NC_079489.1_cds_XP_021843525.2_17019_1;lcl|NC_079489.1_cds_XP_021843523.2_17020_lcl|NC_079489.1_cds_XP_021843523.2_17020_1	XP_021843523.2;XP_021843524.2;XP_021843525.2;XP_021843527.2;XP_056695193.1
54	lcl|NC_079489.1_cds_XP_021850014.2_17885_lcl|NC_079489.1_cds_XP_021850014.2_17885_1;lcl|NC_079489.1_cds_XP_056696596.1_17887_lcl|NC_079489.1_cds_XP_056696596.1_17887_1;lcl|NC_079489.1_cds_XP_056695451.1_17888_lcl|NC_079489.1_cds_XP_056695451.1_17888_1	XP_021850014.2;XP_056695451.1;XP_056696596.1
55	lcl|NC_079489.1_cds_XP_056694535.1_18346_lcl|NC_079489.1_cds_XP_056694535.1_18346_1;lcl|NC_079489.1_cds_XP_021841028.1_18347_lcl|NC_079489.1_cds_XP_021841028.1_18347_1;lcl|NC_079489.1_cds_XP_056695577.1_18348_lcl|NC_079489.1_cds_XP_056695577.1_18348_1	XP_021841028.1;XP_056694535.1;XP_056695577.1
56	lcl|NC_079489.1_cds_XP_021840973.2_18357_lcl|NC_079489.1_cds_XP_021840973.2_18357_1;lcl|NC_079489.1_cds_XP_056695580.1_18358_lcl|NC_079489.1_cds_XP_056695580.1_18358_1;lcl|NC_079489.1_cds_XP_056694554.1_18359_lcl|NC_079489.1_cds_XP_056694554.1_18359_1	XP_021840973.2;XP_056694554.1;XP_056695580.1
57	lcl|NC_079489.1_cds_XP_021856285.1_18632_lcl|NC_079489.1_cds_XP_021856285.1_18632_1;lcl|NC_079489.1_cds_XP_056695645.1_18633_lcl|NC_079489.1_cds_XP_056695645.1_18633_1;lcl|NC_079489.1_cds_XP_056696787.1_18634_lcl|NC_079489.1_cds_XP_056696787.1_18634_1	XP_021856285.1;XP_056695645.1;XP_056696787.1
58	lcl|NC_079489.1_cds_XP_021839955.2_18727_lcl|NC_079489.1_cds_XP_021839955.2_18727_1;lcl|NC_079489.1_cds_XP_021850348.1_18728_lcl|NC_079489.1_cds_XP_021850348.1_18728_1;lcl|NC_079489.1_cds_XP_021850346.2_18729_lcl|NC_079489.1_cds_XP_021850346.2_18729_1;lcl|NC_079489.1_cds_XP_021850350.1_18730_lcl|NC_079489.1_cds_XP_021850350.1_18730_1	XP_021839955.2;XP_021850346.2;XP_021850348.1;XP_021850350.1
59	lcl|NC_079489.1_cds_XP_021839054.1_19284_lcl|NC_079489.1_cds_XP_021839054.1_19284_2;lcl|NC_079489.1_cds_XP_021848999.1_19286_lcl|NC_079489.1_cds_XP_021848999.1_19286_1;lcl|NC_079489.1_cds_XP_056695563.1_19287_lcl|NC_079489.1_cds_XP_056695563.1_19287_1	XP_021839054.1;XP_021848999.1;XP_056695563.1
60	lcl|NC_079489.1_cds_XP_021848981.1_19307_lcl|NC_079489.1_cds_XP_021848981.1_19307_1;lcl|NC_079489.1_cds_XP_021848979.1_19308_lcl|NC_079489.1_cds_XP_021848979.1_19308_1;lcl|NC_079489.1_cds_XP_056695803.1_19310_lcl|NC_079489.1_cds_XP_056695803.1_19310_1	XP_021848979.1;XP_021848981.1;XP_056695803.1
61	lcl|NC_079489.1_cds_XP_021847790.2_19599_lcl|NC_079489.1_cds_XP_021847790.2_19599_1;lcl|NC_079489.1_cds_XP_021847801.2_19600_lcl|NC_079489.1_cds_XP_021847801.2_19600_1;lcl|NC_079489.1_cds_XP_021847792.1_19601_lcl|NC_079489.1_cds_XP_021847792.1_19601_1	XP_021847790.2;XP_021847792.1;XP_021847801.2
62	lcl|NC_079489.1_cds_XP_021852056.2_19700_lcl|NC_079489.1_cds_XP_021852056.2_19700_1;lcl|NC_079489.1_cds_XP_056695889.1_19701_lcl|NC_079489.1_cds_XP_056695889.1_19701_1;lcl|NC_079489.1_cds_XP_021852057.2_19702_lcl|NC_079489.1_cds_XP_021852057.2_19702_1	XP_021852056.2;XP_021852057.2;XP_056695889.1
63	lcl|NC_079490.1_cds_XP_021863424.2_19936_lcl|NC_079490.1_cds_XP_021863424.2_19936_1;lcl|NC_079490.1_cds_XP_021863434.1_19937_lcl|NC_079490.1_cds_XP_021863434.1_19937_1;lcl|NC_079490.1_cds_XP_021863413.2_19938_lcl|NC_079490.1_cds_XP_021863413.2_19938_1	XP_021863413.2;XP_021863424.2;XP_021863434.1
64	lcl|NC_079490.1_cds_XP_021862341.2_20110_lcl|NC_079490.1_cds_XP_021862341.2_20110_1;lcl|NC_079490.1_cds_XP_056699925.1_20112_lcl|NC_079490.1_cds_XP_056699925.1_20112_1;lcl|NC_079490.1_cds_XP_021862330.1_20113_lcl|NC_079490.1_cds_XP_021862330.1_20113_1;lcl|NC_079490.1_cds_XP_056699926.1_20114_lcl|NC_079490.1_cds_XP_056699926.1_20114_1;lcl|NC_079490.1_cds_XP_021862293.2_20115_lcl|NC_079490.1_cds_XP_021862293.2_20115_1;lcl|NC_079490.1_cds_XP_021862311.1_20116_lcl|NC_079490.1_cds_XP_021862311.1_20116_1;lcl|NC_079490.1_cds_XP_021862302.1_20117_lcl|NC_079490.1_cds_XP_021862302.1_20117_1	XP_021862293.2;XP_021862302.1;XP_021862311.1;XP_021862330.1;XP_021862341.2;XP_056699925.1;XP_056699926.1
65	lcl|NC_079490.1_cds_XP_021843434.1_20369_lcl|NC_079490.1_cds_XP_021843434.1_20369_1;lcl|NC_079490.1_cds_XP_021843435.1_20370_lcl|NC_079490.1_cds_XP_021843435.1_20370_1;lcl|NC_079490.1_cds_XP_021843436.1_20371_lcl|NC_079490.1_cds_XP_021843436.1_20371_1;lcl|NC_079490.1_cds_XP_021843274.1_20372_lcl|NC_079490.1_cds_XP_021843274.1_20372_1	XP_021843274.1;XP_021843434.1;XP_021843435.1;XP_021843436.1
66	lcl|NC_079490.1_cds_XP_021853443.1_20647_lcl|NC_079490.1_cds_XP_021853443.1_20647_1;lcl|NC_079490.1_cds_XP_021853434.2_20648_lcl|NC_079490.1_cds_XP_021853434.2_20648_1;lcl|NC_079490.1_cds_XP_021853433.2_20649_lcl|NC_079490.1_cds_XP_021853433.2_20649_1	XP_021853433.2;XP_021853434.2;XP_021853443.1
67	lcl|NC_079490.1_cds_XP_021853708.2_21458_lcl|NC_079490.1_cds_XP_021853708.2_21458_1;lcl|NC_079490.1_cds_XP_056697416.1_21459_lcl|NC_079490.1_cds_XP_056697416.1_21459_1;lcl|NC_079490.1_cds_XP_021838858.1_21463_lcl|NC_079490.1_cds_XP_021838858.1_21463_2	XP_021838858.1;XP_021853708.2;XP_056697416.1
68	lcl|NC_079490.1_cds_XP_056697274.1_21725_lcl|NC_079490.1_cds_XP_056697274.1_21725_1;lcl|NC_079490.1_cds_XP_021840792.1_21727_lcl|NC_079490.1_cds_XP_021840792.1_21727_1;lcl|NC_079490.1_cds_XP_021840690.1_21728_lcl|NC_079490.1_cds_XP_021840690.1_21728_1;lcl|NC_079490.1_cds_XP_021840697.1_21729_lcl|NC_079490.1_cds_XP_021840697.1_21729_1	XP_021840690.1;XP_021840697.1;XP_021840792.1;XP_056697274.1
69	lcl|NC_079490.1_cds_XP_021865229.2_21785_lcl|NC_079490.1_cds_XP_021865229.2_21785_1;lcl|NC_079490.1_cds_XP_056697496.1_21786_lcl|NC_079490.1_cds_XP_056697496.1_21786_1;lcl|NC_079490.1_cds_XP_021865234.2_21787_lcl|NC_079490.1_cds_XP_021865234.2_21787_1;lcl|NC_079490.1_cds_XP_021865233.2_21788_lcl|NC_079490.1_cds_XP_021865233.2_21788_1	XP_021865229.2;XP_021865233.2;XP_021865234.2;XP_056697496.1
70	lcl|NC_079490.1_cds_XP_056697564.1_22037_lcl|NC_079490.1_cds_XP_056697564.1_22037_1;lcl|NC_079490.1_cds_XP_021858706.1_22038_lcl|NC_079490.1_cds_XP_021858706.1_22038_1;lcl|NC_079490.1_cds_XP_021858707.2_22039_lcl|NC_079490.1_cds_XP_021858707.2_22039_1;lcl|NC_079490.1_cds_XP_021858708.2_22040_lcl|NC_079490.1_cds_XP_021858708.2_22040_1	XP_021858706.1;XP_021858707.2;XP_021858708.2;XP_056697564.1
71	lcl|NC_079490.1_cds_XP_056682420.1_24673_lcl|NC_079490.1_cds_XP_056682420.1_24673_1;lcl|NC_079490.1_cds_XP_021836364.2_24674_lcl|NC_079490.1_cds_XP_021836364.2_24674_1;lcl|NC_079490.1_cds_XP_021836363.2_24675_lcl|NC_079490.1_cds_XP_021836363.2_24675_1	XP_021836363.2;XP_021836364.2;XP_056682420.1
72	lcl|NC_079490.1_cds_XP_021836297.2_25188_lcl|NC_079490.1_cds_XP_021836297.2_25188_1;lcl|NC_079490.1_cds_XP_021836295.2_25189_lcl|NC_079490.1_cds_XP_021836295.2_25189_1;lcl|NC_079490.1_cds_XP_021839110.2_25190_lcl|NC_079490.1_cds_XP_021839110.2_25190_1;lcl|NC_079490.1_cds_XP_021839111.1_25191_lcl|NC_079490.1_cds_XP_021839111.1_25191_1	XP_021836295.2;XP_021836297.2;XP_021839110.2;XP_021839111.1
73	lcl|NC_079490.1_cds_XP_021844946.1_25529_lcl|NC_079490.1_cds_XP_021844946.1_25529_1;lcl|NC_079490.1_cds_XP_021844971.1_25530_lcl|NC_079490.1_cds_XP_021844971.1_25530_1;lcl|NC_079490.1_cds_XP_056682441.1_25531_lcl|NC_079490.1_cds_XP_056682441.1_25531_1	XP_021844946.1;XP_021844971.1;XP_056682441.1
74	lcl|NC_079490.1_cds_XP_021851303.1_26257_lcl|NC_079490.1_cds_XP_021851303.1_26257_1;lcl|NC_079490.1_cds_XP_021851319.1_26258_lcl|NC_079490.1_cds_XP_021851319.1_26258_1;lcl|NC_079490.1_cds_XP_021851328.1_26259_lcl|NC_079490.1_cds_XP_021851328.1_26259_1;lcl|NC_079490.1_cds_XP_021851320.1_26260_lcl|NC_079490.1_cds_XP_021851320.1_26260_1	XP_021851303.1;XP_021851319.1;XP_021851320.1;XP_021851328.1
75	lcl|NC_079490.1_cds_XP_021862960.2_26305_lcl|NC_079490.1_cds_XP_021862960.2_26305_1;lcl|NC_079490.1_cds_XP_056698621.1_26306_lcl|NC_079490.1_cds_XP_056698621.1_26306_1;lcl|NC_079490.1_cds_XP_056698622.1_26307_lcl|NC_079490.1_cds_XP_056698622.1_26307_1	XP_021862960.2;XP_056698621.1;XP_056698622.1
76	lcl|NC_079490.1_cds_XP_021848229.1_26529_lcl|NC_079490.1_cds_XP_021848229.1_26529_1;lcl|NC_079490.1_cds_XP_021848228.1_26530_lcl|NC_079490.1_cds_XP_021848228.1_26530_1;lcl|NC_079490.1_cds_XP_021848227.1_26531_lcl|NC_079490.1_cds_XP_021848227.1_26531_1	XP_021848227.1;XP_021848228.1;XP_021848229.1
77	lcl|NC_079490.1_cds_XP_021848209.1_26570_lcl|NC_079490.1_cds_XP_021848209.1_26570_1;lcl|NC_079490.1_cds_XP_021848208.2_26571_lcl|NC_079490.1_cds_XP_021848208.2_26571_1;lcl|NC_079490.1_cds_XP_021848205.1_26576_lcl|NC_079490.1_cds_XP_021848205.1_26576_1	XP_021848205.1;XP_021848208.2;XP_021848209.1
78	lcl|NC_079490.1_cds_XP_056682969.1_26740_lcl|NC_079490.1_cds_XP_056682969.1_26740_2;lcl|NC_079490.1_cds_XP_021863613.2_26741_lcl|NC_079490.1_cds_XP_021863613.2_26741_1;lcl|NC_079490.1_cds_XP_056698892.1_26742_lcl|NC_079490.1_cds_XP_056698892.1_26742_1	XP_021863613.2;XP_056682969.1;XP_056698892.1
79	lcl|NC_079490.1_cds_XP_056699091.1_27348_lcl|NC_079490.1_cds_XP_056699091.1_27348_1;lcl|NC_079490.1_cds_XP_056699093.1_27350_lcl|NC_079490.1_cds_XP_056699093.1_27350_1;lcl|NC_079490.1_cds_XP_056698723.1_27352_lcl|NC_079490.1_cds_XP_056698723.1_27352_1;lcl|NC_079490.1_cds_XP_021857666.2_27353_lcl|NC_079490.1_cds_XP_021857666.2_27353_1	XP_021857666.2;XP_056698723.1;XP_056699091.1;XP_056699093.1
80	lcl|NC_079490.1_cds_XP_021843742.1_27512_lcl|NC_079490.1_cds_XP_021843742.1_27512_1;lcl|NC_079490.1_cds_XP_021843711.2_27513_lcl|NC_079490.1_cds_XP_021843711.2_27513_1;lcl|NC_079490.1_cds_XP_021843712.1_27514_lcl|NC_079490.1_cds_XP_021843712.1_27514_1	XP_021843711.2;XP_021843712.1;XP_021843742.1
81	lcl|NC_079490.1_cds_XP_056699149.1_27544_lcl|NC_079490.1_cds_XP_056699149.1_27544_1;lcl|NC_079490.1_cds_XP_021843774.2_27545_lcl|NC_079490.1_cds_XP_021843774.2_27545_1;lcl|NC_079490.1_cds_XP_021843772.2_27546_lcl|NC_079490.1_cds_XP_021843772.2_27546_1	XP_021843772.2;XP_021843774.2;XP_056699149.1
82	lcl|NC_079490.1_cds_XP_021866365.1_27756_lcl|NC_079490.1_cds_XP_021866365.1_27756_1;lcl|NC_079490.1_cds_XP_021866356.1_27757_lcl|NC_079490.1_cds_XP_021866356.1_27757_1;lcl|NC_079490.1_cds_XP_021866331.1_27758_lcl|NC_079490.1_cds_XP_021866331.1_27758_1	XP_021866331.1;XP_021866356.1;XP_021866365.1
83	lcl|NC_079490.1_cds_XP_056699391.1_28245_lcl|NC_079490.1_cds_XP_056699391.1_28245_1;lcl|NC_079490.1_cds_XP_056698772.1_28246_lcl|NC_079490.1_cds_XP_056698772.1_28246_1;lcl|NC_079490.1_cds_XP_021842698.2_28247_lcl|NC_079490.1_cds_XP_021842698.2_28247_1	XP_021842698.2;XP_056698772.1;XP_056699391.1
84	lcl|NC_079491.1_cds_XP_021836620.1_28393_lcl|NC_079491.1_cds_XP_021836620.1_28393_1;lcl|NC_079491.1_cds_XP_021836651.1_28394_lcl|NC_079491.1_cds_XP_021836651.1_28394_1;lcl|NC_079491.1_cds_XP_021836658.1_28395_lcl|NC_079491.1_cds_XP_021836658.1_28395_1	XP_021836620.1;XP_021836651.1;XP_021836658.1
85	lcl|NC_079491.1_cds_XP_056684501.1_29054_lcl|NC_079491.1_cds_XP_056684501.1_29054_1;lcl|NC_079491.1_cds_XP_056684373.1_29055_lcl|NC_079491.1_cds_XP_056684373.1_29055_1;lcl|NC_079491.1_cds_XP_056684374.1_29056_lcl|NC_079491.1_cds_XP_056684374.1_29056_1;lcl|NC_079491.1_cds_XP_056684375.1_29057_lcl|NC_079491.1_cds_XP_056684375.1_29057_1	XP_056684373.1;XP_056684374.1;XP_056684375.1;XP_056684501.1
86	lcl|NC_079491.1_cds_XP_021837171.2_29416_lcl|NC_079491.1_cds_XP_021837171.2_29416_1;lcl|NC_079491.1_cds_XP_021837167.2_29417_lcl|NC_079491.1_cds_XP_021837167.2_29417_1;lcl|NC_079491.1_cds_XP_021837170.1_29419_lcl|NC_079491.1_cds_XP_021837170.1_29419_1	XP_021837167.2;XP_021837170.1;XP_021837171.2
87	lcl|NC_079491.1_cds_XP_021860532.2_29678_lcl|NC_079491.1_cds_XP_021860532.2_29678_1;lcl|NC_079491.1_cds_XP_021860547.1_29679_lcl|NC_079491.1_cds_XP_021860547.1_29679_1;lcl|NC_079491.1_cds_XP_056685338.1_29680_lcl|NC_079491.1_cds_XP_056685338.1_29680_1;lcl|NC_079491.1_cds_XP_056684343.1_29682_lcl|NC_079491.1_cds_XP_056684343.1_29682_1;lcl|NC_079491.1_cds_XP_021860565.1_29683_lcl|NC_079491.1_cds_XP_021860565.1_29683_1	XP_021860532.2;XP_021860547.1;XP_021860565.1;XP_056684343.1;XP_056685338.1
88	lcl|NC_079491.1_cds_XP_056685342.1_29801_lcl|NC_079491.1_cds_XP_056685342.1_29801_1;lcl|NC_079491.1_cds_XP_021850265.1_29802_lcl|NC_079491.1_cds_XP_021850265.1_29802_1;lcl|NC_079491.1_cds_XP_021850234.1_29803_lcl|NC_079491.1_cds_XP_021850234.1_29803_1	XP_021850234.1;XP_021850265.1;XP_056685342.1
89	lcl|NC_079491.1_cds_XP_021856324.1_29895_lcl|NC_079491.1_cds_XP_021856324.1_29895_1;lcl|NC_079491.1_cds_XP_021856323.1_29896_lcl|NC_079491.1_cds_XP_021856323.1_29896_1;lcl|NC_079491.1_cds_XP_021856322.1_29897_lcl|NC_079491.1_cds_XP_021856322.1_29897_1	XP_021856322.1;XP_021856323.1;XP_021856324.1
90	lcl|NC_079491.1_cds_XP_021855294.1_29946_lcl|NC_079491.1_cds_XP_021855294.1_29946_1;lcl|NC_079491.1_cds_XP_021855295.1_29947_lcl|NC_079491.1_cds_XP_021855295.1_29947_1;lcl|NC_079491.1_cds_XP_021855296.1_29948_lcl|NC_079491.1_cds_XP_021855296.1_29948_1	XP_021855294.1;XP_021855295.1;XP_021855296.1
91	lcl|NC_079491.1_cds_XP_021865782.1_30465_lcl|NC_079491.1_cds_XP_021865782.1_30465_1;lcl|NC_079491.1_cds_XP_021865784.1_30466_lcl|NC_079491.1_cds_XP_021865784.1_30466_1;lcl|NC_079491.1_cds_XP_056684308.1_30467_lcl|NC_079491.1_cds_XP_056684308.1_30467_1;lcl|NC_079491.1_cds_XP_056684764.1_30468_lcl|NC_079491.1_cds_XP_056684764.1_30468_1	XP_021865782.1;XP_021865784.1;XP_056684308.1;XP_056684764.1
92	lcl|NC_079491.1_cds_XP_021856967.2_30557_lcl|NC_079491.1_cds_XP_021856967.2_30557_1;lcl|NC_079491.1_cds_XP_021856966.1_30558_lcl|NC_079491.1_cds_XP_021856966.1_30558_1;lcl|NC_079491.1_cds_XP_021856968.1_30559_lcl|NC_079491.1_cds_XP_021856968.1_30559_1	XP_021856966.1;XP_021856967.2;XP_021856968.1
93	lcl|NC_079491.1_cds_XP_021867425.2_30619_lcl|NC_079491.1_cds_XP_021867425.2_30619_1;lcl|NC_079491.1_cds_XP_021867424.1_30621_lcl|NC_079491.1_cds_XP_021867424.1_30621_1;lcl|NC_079491.1_cds_XP_056686357.1_30622_lcl|NC_079491.1_cds_XP_056686357.1_30622_1;lcl|NC_079491.1_cds_XP_056686358.1_30623_lcl|NC_079491.1_cds_XP_056686358.1_30623_1	XP_021867424.1;XP_021867425.2;XP_056686357.1;XP_056686358.1
94	lcl|NC_079491.1_cds_XP_021845277.1_30864_lcl|NC_079491.1_cds_XP_021845277.1_30864_1;lcl|NC_079491.1_cds_XP_021845278.1_30865_lcl|NC_079491.1_cds_XP_021845278.1_30865_1;lcl|NC_079491.1_cds_XP_021845279.1_30866_lcl|NC_079491.1_cds_XP_021845279.1_30866_1	XP_021845277.1;XP_021845278.1;XP_021845279.1
95	lcl|NC_079491.1_cds_XP_056685604.1_31884_lcl|NC_079491.1_cds_XP_056685604.1_31884_1;lcl|NC_079491.1_cds_XP_021835505.2_31885_lcl|NC_079491.1_cds_XP_021835505.2_31885_1;lcl|NC_079491.1_cds_XP_021835503.2_31886_lcl|NC_079491.1_cds_XP_021835503.2_31886_1	XP_021835503.2;XP_021835505.2;XP_056685604.1
96	lcl|NC_079491.1_cds_XP_021835864.1_32232_lcl|NC_079491.1_cds_XP_021835864.1_32232_2;lcl|NC_079491.1_cds_XP_021835865.1_32233_lcl|NC_079491.1_cds_XP_021835865.1_32233_1;lcl|NC_079491.1_cds_XP_021837858.1_32234_lcl|NC_079491.1_cds_XP_021837858.1_32234_1	XP_021835864.1;XP_021835865.1;XP_021837858.1
97	lcl|NC_079491.1_cds_XP_021861702.1_32697_lcl|NC_079491.1_cds_XP_021861702.1_32697_1;lcl|NC_079491.1_cds_XP_056685771.1_32698_lcl|NC_079491.1_cds_XP_056685771.1_32698_1;lcl|NC_079491.1_cds_XP_021836943.1_32699_lcl|NC_079491.1_cds_XP_021836943.1_32699_1	XP_021836943.1;XP_021861702.1;XP_056685771.1
98	lcl|NC_079491.1_cds_XP_021861643.1_33437_lcl|NC_079491.1_cds_XP_021861643.1_33437_1;lcl|NC_079491.1_cds_XP_021845330.1_33441_lcl|NC_079491.1_cds_XP_021845330.1_33441_1;lcl|NC_079491.1_cds_XP_021845329.1_33442_lcl|NC_079491.1_cds_XP_021845329.1_33442_1;lcl|NC_079491.1_cds_XP_021845317.1_33443_lcl|NC_079491.1_cds_XP_021845317.1_33443_1	XP_021845317.1;XP_021845329.1;XP_021845330.1;XP_021861643.1
99	lcl|NC_079491.1_cds_XP_021863188.1_33602_lcl|NC_079491.1_cds_XP_021863188.1_33602_1;lcl|NC_079491.1_cds_XP_021863184.1_33603_lcl|NC_079491.1_cds_XP_021863184.1_33603_1;lcl|NC_079491.1_cds_XP_021863183.1_33604_lcl|NC_079491.1_cds_XP_021863183.1_33604_1;lcl|NC_079491.1_cds_XP_021863173.1_33605_lcl|NC_079491.1_cds_XP_021863173.1_33605_1	XP_021863173.1;XP_021863183.1;XP_021863184.1;XP_021863188.1
100	lcl|NC_079491.1_cds_XP_021852145.1_33664_lcl|NC_079491.1_cds_XP_021852145.1_33664_1;lcl|NC_079491.1_cds_XP_021852147.2_33665_lcl|NC_079491.1_cds_XP_021852147.2_33665_1;lcl|NC_079491.1_cds_XP_056686031.1_33666_lcl|NC_079491.1_cds_XP_056686031.1_33666_1	XP_021852145.1;XP_021852147.2;XP_056686031.1
101	lcl|NC_079491.1_cds_XP_021855654.1_33728_lcl|NC_079491.1_cds_XP_021855654.1_33728_1;lcl|NC_079491.1_cds_XP_021855660.1_33729_lcl|NC_079491.1_cds_XP_021855660.1_33729_1;lcl|NC_079491.1_cds_XP_021855655.1_33730_lcl|NC_079491.1_cds_XP_021855655.1_33730_1	XP_021855654.1;XP_021855655.1;XP_021855660.1
102	lcl|NC_079492.1_cds_XP_021837142.1_33875_lcl|NC_079492.1_cds_XP_021837142.1_33875_1;lcl|NC_079492.1_cds_XP_021837152.1_33876_lcl|NC_079492.1_cds_XP_021837152.1_33876_1;lcl|NC_079492.1_cds_XP_021837141.1_33882_lcl|NC_079492.1_cds_XP_021837141.1_33882_1	XP_021837141.1;XP_021837142.1;XP_021837152.1
103	lcl|NC_079492.1_cds_XP_021858051.2_34201_lcl|NC_079492.1_cds_XP_021858051.2_34201_1;lcl|NC_079492.1_cds_XP_021858050.2_34202_lcl|NC_079492.1_cds_XP_021858050.2_34202_1;lcl|NC_079492.1_cds_XP_056687399.1_34203_lcl|NC_079492.1_cds_XP_056687399.1_34203_1	XP_021858050.2;XP_021858051.2;XP_056687399.1
104	lcl|NC_079492.1_cds_XP_021854882.2_34294_lcl|NC_079492.1_cds_XP_021854882.2_34294_1;lcl|NC_079492.1_cds_XP_021854883.2_34295_lcl|NC_079492.1_cds_XP_021854883.2_34295_1;lcl|NC_079492.1_cds_XP_021835688.1_34296_lcl|NC_079492.1_cds_XP_021835688.1_34296_1	XP_021835688.1;XP_021854882.2;XP_021854883.2
105	lcl|NC_079492.1_cds_XP_056687901.1_34316_lcl|NC_079492.1_cds_XP_056687901.1_34316_1;lcl|NC_079492.1_cds_XP_021846107.1_34317_lcl|NC_079492.1_cds_XP_021846107.1_34317_1;lcl|NC_079492.1_cds_XP_056687902.1_34318_lcl|NC_079492.1_cds_XP_056687902.1_34318_1;lcl|NC_079492.1_cds_XP_021846136.1_34319_lcl|NC_079492.1_cds_XP_021846136.1_34319_1	XP_021846107.1;XP_021846136.1;XP_056687901.1;XP_056687902.1
106	lcl|NC_079492.1_cds_XP_021866572.2_34427_lcl|NC_079492.1_cds_XP_021866572.2_34427_1;lcl|NC_079492.1_cds_XP_056687934.1_34428_lcl|NC_079492.1_cds_XP_056687934.1_34428_1;lcl|NC_079492.1_cds_XP_021866571.2_34429_lcl|NC_079492.1_cds_XP_021866571.2_34429_1	XP_021866571.2;XP_021866572.2;XP_056687934.1
107	lcl|NC_079492.1_cds_XP_021851755.1_35567_lcl|NC_079492.1_cds_XP_021851755.1_35567_1;lcl|NC_079492.1_cds_XP_021851757.1_35568_lcl|NC_079492.1_cds_XP_021851757.1_35568_1;lcl|NC_079492.1_cds_XP_021851759.1_35569_lcl|NC_079492.1_cds_XP_021851759.1_35569_1;lcl|NC_079492.1_cds_XP_056688236.1_35570_lcl|NC_079492.1_cds_XP_056688236.1_35570_1	XP_021851755.1;XP_021851757.1;XP_021851759.1;XP_056688236.1
108	lcl|NC_079492.1_cds_XP_056686836.1_36241_lcl|NC_079492.1_cds_XP_056686836.1_36241_1;lcl|NC_079492.1_cds_XP_021856988.1_36243_lcl|NC_079492.1_cds_XP_021856988.1_36243_1;lcl|NC_079492.1_cds_XP_021856993.2_36244_lcl|NC_079492.1_cds_XP_021856993.2_36244_1	XP_021856988.1;XP_021856993.2;XP_056686836.1
109	lcl|NC_079492.1_cds_XP_021836381.1_36425_lcl|NC_079492.1_cds_XP_021836381.1_36425_1;lcl|NC_079492.1_cds_XP_021849980.2_36426_lcl|NC_079492.1_cds_XP_021849980.2_36426_1;lcl|NC_079492.1_cds_XP_056687532.1_36428_lcl|NC_079492.1_cds_XP_056687532.1_36428_1;lcl|NC_079492.1_cds_XP_056688403.1_36429_lcl|NC_079492.1_cds_XP_056688403.1_36429_1	XP_021836381.1;XP_021849980.2;XP_056687532.1;XP_056688403.1
110	lcl|NC_079492.1_cds_XP_056687388.1_36459_lcl|NC_079492.1_cds_XP_056687388.1_36459_1;lcl|NC_079492.1_cds_XP_021864700.1_36460_lcl|NC_079492.1_cds_XP_021864700.1_36460_1;lcl|NC_079492.1_cds_XP_021864692.1_36461_lcl|NC_079492.1_cds_XP_021864692.1_36461_1	XP_021864692.1;XP_021864700.1;XP_056687388.1
111	lcl|NC_079492.1_cds_XP_021857255.1_36530_lcl|NC_079492.1_cds_XP_021857255.1_36530_1;lcl|NC_079492.1_cds_XP_021857257.1_36531_lcl|NC_079492.1_cds_XP_021857257.1_36531_1;lcl|NC_079492.1_cds_XP_021857262.1_36533_lcl|NC_079492.1_cds_XP_021857262.1_36533_1	XP_021857255.1;XP_021857257.1;XP_021857262.1
112	lcl|NC_079492.1_cds_XP_056687009.1_36802_lcl|NC_079492.1_cds_XP_056687009.1_36802_1;lcl|NC_079492.1_cds_XP_021848016.2_36803_lcl|NC_079492.1_cds_XP_021848016.2_36803_1;lcl|NC_079492.1_cds_XP_021848017.1_36804_lcl|NC_079492.1_cds_XP_021848017.1_36804_1;lcl|NC_079492.1_cds_XP_021848015.1_36805_lcl|NC_079492.1_cds_XP_021848015.1_36805_1;lcl|NC_079492.1_cds_XP_021848019.2_36806_lcl|NC_079492.1_cds_XP_021848019.2_36806_1;lcl|NC_079492.1_cds_XP_021848020.1_36807_lcl|NC_079492.1_cds_XP_021848020.1_36807_1	XP_021848015.1;XP_021848016.2;XP_021848017.1;XP_021848019.2;XP_021848020.1;XP_056687009.1
113	lcl|NC_079492.1_cds_XP_021841668.2_36913_lcl|NC_079492.1_cds_XP_021841668.2_36913_1;lcl|NC_079492.1_cds_XP_021841636.1_36914_lcl|NC_079492.1_cds_XP_021841636.1_36914_1;lcl|NC_079492.1_cds_XP_021841667.2_36915_lcl|NC_079492.1_cds_XP_021841667.2_36915_1	XP_021841636.1;XP_021841667.2;XP_021841668.2
114	lcl|NC_079492.1_cds_XP_056686923.1_37119_lcl|NC_079492.1_cds_XP_056686923.1_37119_1;lcl|NC_079492.1_cds_XP_056686924.1_37120_lcl|NC_079492.1_cds_XP_056686924.1_37120_1;lcl|NC_079492.1_cds_XP_021844873.2_37121_lcl|NC_079492.1_cds_XP_021844873.2_37121_1	XP_021844873.2;XP_056686923.1;XP_056686924.1
115	lcl|NC_079492.1_cds_XP_021858443.1_37604_lcl|NC_079492.1_cds_XP_021858443.1_37604_1;lcl|NC_079492.1_cds_XP_021858444.1_37605_lcl|NC_079492.1_cds_XP_021858444.1_37605_1;lcl|NC_079492.1_cds_XP_056686703.1_37606_lcl|NC_079492.1_cds_XP_056686703.1_37606_1	XP_021858443.1;XP_021858444.1;XP_056686703.1
116	lcl|NC_079492.1_cds_XP_021860879.1_37626_lcl|NC_079492.1_cds_XP_021860879.1_37626_1;lcl|NC_079492.1_cds_XP_021865209.1_37627_lcl|NC_079492.1_cds_XP_021865209.1_37627_1;lcl|NC_079492.1_cds_XP_021865205.2_37628_lcl|NC_079492.1_cds_XP_021865205.2_37628_1	XP_021860879.1;XP_021865205.2;XP_021865209.1
117	lcl|NC_079492.1_cds_XP_021849173.1_37760_lcl|NC_079492.1_cds_XP_021849173.1_37760_1;lcl|NC_079492.1_cds_XP_021849172.1_37761_lcl|NC_079492.1_cds_XP_021849172.1_37761_1;lcl|NC_079492.1_cds_XP_021849170.2_37762_lcl|NC_079492.1_cds_XP_021849170.2_37762_1	XP_021849170.2;XP_021849172.1;XP_021849173.1
118	lcl|NC_079492.1_cds_XP_021846083.1_38497_lcl|NC_079492.1_cds_XP_021846083.1_38497_1;lcl|NC_079492.1_cds_XP_021846084.1_38498_lcl|NC_079492.1_cds_XP_021846084.1_38498_1;lcl|NC_079492.1_cds_XP_021846085.1_38499_lcl|NC_079492.1_cds_XP_021846085.1_38499_1	XP_021846083.1;XP_021846084.1;XP_021846085.1
119	lcl|NC_079492.1_cds_XP_021845118.2_38950_lcl|NC_079492.1_cds_XP_021845118.2_38950_1;lcl|NC_079492.1_cds_XP_021845117.1_38951_lcl|NC_079492.1_cds_XP_021845117.1_38951_1;lcl|NC_079492.1_cds_XP_021845116.1_38952_lcl|NC_079492.1_cds_XP_021845116.1_38952_1;lcl|NC_079492.1_cds_XP_056686934.1_38953_lcl|NC_079492.1_cds_XP_056686934.1_38953_1	XP_021845116.1;XP_021845117.1;XP_021845118.2;XP_056686934.1
120	lcl|NC_079492.1_cds_XP_021845063.1_39022_lcl|NC_079492.1_cds_XP_021845063.1_39022_1;lcl|NC_079492.1_cds_XP_021845050.1_39024_lcl|NC_079492.1_cds_XP_021845050.1_39024_1;lcl|NC_079492.1_cds_XP_021845062.1_39025_lcl|NC_079492.1_cds_XP_021845062.1_39025_1;lcl|NC_079492.1_cds_XP_021845061.1_39026_lcl|NC_079492.1_cds_XP_021845061.1_39026_1	XP_021845050.1;XP_021845061.1;XP_021845062.1;XP_021845063.1
121	lcl|NC_079492.1_cds_XP_021838564.2_39101_lcl|NC_079492.1_cds_XP_021838564.2_39101_1;lcl|NC_079492.1_cds_XP_056688930.1_39102_lcl|NC_079492.1_cds_XP_056688930.1_39102_1;lcl|NC_079492.1_cds_XP_021838570.2_39103_lcl|NC_079492.1_cds_XP_021838570.2_39103_1	XP_021838564.2;XP_021838570.2;XP_056688930.1
122	lcl|NC_079492.1_cds_XP_021838788.1_39144_lcl|NC_079492.1_cds_XP_021838788.1_39144_1;lcl|NC_079492.1_cds_XP_021838808.2_39145_lcl|NC_079492.1_cds_XP_021838808.2_39145_1;lcl|NC_079492.1_cds_XP_021838822.2_39146_lcl|NC_079492.1_cds_XP_021838822.2_39146_1	XP_021838788.1;XP_021838808.2;XP_021838822.2
123	lcl|NC_079492.1_cds_XP_021844523.2_39331_lcl|NC_079492.1_cds_XP_021844523.2_39331_1;lcl|NC_079492.1_cds_XP_021844520.2_39332_lcl|NC_079492.1_cds_XP_021844520.2_39332_1;lcl|NC_079492.1_cds_XP_021844519.2_39333_lcl|NC_079492.1_cds_XP_021844519.2_39333_1	XP_021844519.2;XP_021844520.2;XP_021844523.2
124	lcl|NC_079492.1_cds_XP_021844479.1_39385_lcl|NC_079492.1_cds_XP_021844479.1_39385_1;lcl|NC_079492.1_cds_XP_021844478.1_39386_lcl|NC_079492.1_cds_XP_021844478.1_39386_1;lcl|NC_079492.1_cds_XP_021844452.1_39388_lcl|NC_079492.1_cds_XP_021844452.1_39388_1	XP_021844452.1;XP_021844478.1;XP_021844479.1
125	lcl|NC_079492.1_cds_XP_021863240.1_39408_lcl|NC_079492.1_cds_XP_021863240.1_39408_1;lcl|NC_079492.1_cds_XP_021863230.2_39409_lcl|NC_079492.1_cds_XP_021863230.2_39409_1;lcl|NC_079492.1_cds_XP_021863210.1_39410_lcl|NC_079492.1_cds_XP_021863210.1_39410_1	XP_021863210.1;XP_021863230.2;XP_021863240.1
126	lcl|NC_079492.1_cds_XP_021846648.1_39543_lcl|NC_079492.1_cds_XP_021846648.1_39543_1;lcl|NC_079492.1_cds_XP_021846646.1_39545_lcl|NC_079492.1_cds_XP_021846646.1_39545_1;lcl|NC_079492.1_cds_XP_021846645.1_39546_lcl|NC_079492.1_cds_XP_021846645.1_39546_1;lcl|NC_079492.1_cds_XP_021846644.1_39547_lcl|NC_079492.1_cds_XP_021846644.1_39547_1;lcl|NC_079492.1_cds_XP_021846643.2_39548_lcl|NC_079492.1_cds_XP_021846643.2_39548_1	XP_021846643.2;XP_021846644.1;XP_021846645.1;XP_021846646.1;XP_021846648.1
127	lcl|NC_079492.1_cds_XP_021857274.1_39620_lcl|NC_079492.1_cds_XP_021857274.1_39620_1;lcl|NC_079492.1_cds_XP_021857264.1_39621_lcl|NC_079492.1_cds_XP_021857264.1_39621_1;lcl|NC_079492.1_cds_XP_021857256.2_39622_lcl|NC_079492.1_cds_XP_021857256.2_39622_1	XP_021857256.2;XP_021857264.1;XP_021857274.1
128	lcl|NC_079492.1_cds_XP_021856066.1_39861_lcl|NC_079492.1_cds_XP_021856066.1_39861_1;lcl|NC_079492.1_cds_XP_021855642.2_39862_lcl|NC_079492.1_cds_XP_021855642.2_39862_1;lcl|NC_079492.1_cds_XP_021855632.2_39863_lcl|NC_079492.1_cds_XP_021855632.2_39863_1	XP_021855632.2;XP_021855642.2;XP_021856066.1
129	lcl|NC_079492.1_cds_XP_021855967.1_40471_lcl|NC_079492.1_cds_XP_021855967.1_40471_1;lcl|NC_079492.1_cds_XP_021855937.1_40472_lcl|NC_079492.1_cds_XP_021855937.1_40472_2;lcl|NC_079492.1_cds_XP_021855938.1_40473_lcl|NC_079492.1_cds_XP_021855938.1_40473_1	XP_021855937.1;XP_021855938.1;XP_021855967.1
130	lcl|NC_002202.1_cds_NP_054945.1_40716_lcl|NC_002202.1_cds_NP_054945.1_40716_1;lcl|NC_002202.1_cds_NP_054947.1_40718_lcl|NC_002202.1_cds_NP_054947.1_40718_1;lcl|NC_002202.1_cds_NP_054948.1_40719_lcl|NC_002202.1_cds_NP_054948.1_40719_1	NP_054945.1;NP_054947.1;NP_054948.1
