potentialBGC	protein_ids	Gene cluster gene accessions
1	lcl|NC_003070.9_cds_NP_171660.1_122;lcl|NC_003070.9_cds_NP_171660.1_122_1;lcl|NC_003070.9_cds_NP_171661.1_123;lcl|NC_003070.9_cds_NP_171661.1_123_1;lcl|NC_003070.9_cds_NP_849573.1_124;lcl|NC_003070.9_cds_NP_849573.1_124_1	NP_171660.1_122;NP_171660.1_122_1;NP_171661.1_123;NP_171661.1_123_1;NP_849573.1_124;NP_849573.1_124_1
2	lcl|NC_003070.9_cds_NP_563692.1_597;lcl|NC_003070.9_cds_NP_563692.1_597_1;lcl|NC_003070.9_cds_NP_171884.1_598;lcl|NC_003070.9_cds_NP_171884.1_598_1;lcl|NC_003070.9_cds_NP_171885.1_599;lcl|NC_003070.9_cds_NP_171885.1_599_1;lcl|NC_003070.9_cds_NP_563693.1_600;lcl|NC_003070.9_cds_NP_563693.1_600_1	NP_563692.1_597;NP_563692.1_597_1;NP_171884.1_598;NP_171884.1_598_1;NP_171885.1_599;NP_171885.1_599_1;NP_563693.1_600;NP_563693.1_600_1
3	lcl|NC_003070.9_cds_NP_563726.1_816;lcl|NC_003070.9_cds_NP_563726.1_816_1;lcl|NC_003070.9_cds_NP_171996.2_817;lcl|NC_003070.9_cds_NP_171996.2_817_1;lcl|NC_003070.9_cds_NP_001320630.1_818;lcl|NC_003070.9_cds_NP_001320630.1_818_1	NP_563726.1_816;NP_563726.1_816_1;NP_171996.2_817;NP_171996.2_817_1;NP_001320630.1_818;NP_001320630.1_818_1
4	lcl|NC_003070.9_cds_NP_172118.1_1109;lcl|NC_003070.9_cds_NP_172118.1_1109_1;lcl|NC_003070.9_cds_NP_172119.1_1110;lcl|NC_003070.9_cds_NP_172119.1_1110_1;lcl|NC_003070.9_cds_NP_172120.2_1111;lcl|NC_003070.9_cds_NP_172120.2_1111_1	NP_172118.1_1109;NP_172118.1_1109_1;NP_172119.1_1110;NP_172119.1_1110_1;NP_172120.2_1111;NP_172120.2_1111_1
5	lcl|NC_003070.9_cds_NP_172153.1_1178;lcl|NC_003070.9_cds_NP_172153.1_1178_1;lcl|NC_003070.9_cds_NP_001117239.1_1179;lcl|NC_003070.9_cds_NP_001117239.1_1179_1;lcl|NC_003070.9_cds_NP_563770.1_1180;lcl|NC_003070.9_cds_NP_563770.1_1180_1	NP_172153.1_1178;NP_172153.1_1178_1;NP_001117239.1_1179;NP_001117239.1_1179_1;NP_563770.1_1180;NP_563770.1_1180_1
6	lcl|NC_003070.9_cds_NP_973791.1_1504;lcl|NC_003070.9_cds_NP_973791.1_1504_1;lcl|NC_003070.9_cds_NP_001184934.1_1505;lcl|NC_003070.9_cds_NP_001184934.1_1505_1;lcl|NC_003070.9_cds_NP_001184933.1_1506;lcl|NC_003070.9_cds_NP_001184933.1_1506_1;lcl|NC_003070.9_cds_NP_001320271.1_1507;lcl|NC_003070.9_cds_NP_001320271.1_1507_1	NP_973791.1_1504;NP_973791.1_1504_1;NP_001184934.1_1505;NP_001184934.1_1505_1;NP_001184933.1_1506;NP_001184933.1_1506_1;NP_001320271.1_1507;NP_001320271.1_1507_1
7	lcl|NC_003070.9_cds_NP_563818.1_1570;lcl|NC_003070.9_cds_NP_563818.1_1570_1;lcl|NC_003070.9_cds_NP_172325.2_1572;lcl|NC_003070.9_cds_NP_172325.2_1572_2;lcl|NC_003070.9_cds_NP_563820.1_1573;lcl|NC_003070.9_cds_NP_563820.1_1573_1	NP_563818.1_1570;NP_563818.1_1570_1;NP_172325.2_1572;NP_172325.2_1572_2;NP_563820.1_1573;NP_563820.1_1573_1
8	lcl|NC_003070.9_cds_NP_172419.1_1778;lcl|NC_003070.9_cds_NP_172419.1_1778_1;lcl|NC_003070.9_cds_NP_001321584.1_1779;lcl|NC_003070.9_cds_NP_001321584.1_1779_1;lcl|NC_003070.9_cds_NP_172420.1_1781;lcl|NC_003070.9_cds_NP_172420.1_1781_1;lcl|NC_003070.9_cds_NP_001117255.1_1782;lcl|NC_003070.9_cds_NP_001117255.1_1782_1	NP_172419.1_1778;NP_172419.1_1778_1;NP_001321584.1_1779;NP_001321584.1_1779_1;NP_172420.1_1781;NP_172420.1_1781_1;NP_001117255.1_1782;NP_001117255.1_1782_1
9	lcl|NC_003070.9_cds_NP_172604.1_2193;lcl|NC_003070.9_cds_NP_172604.1_2193_1;lcl|NC_003070.9_cds_NP_563889.1_2194;lcl|NC_003070.9_cds_NP_563889.1_2194_1;lcl|NC_003070.9_cds_NP_172606.3_2195;lcl|NC_003070.9_cds_NP_172606.3_2195_1	NP_172604.1_2193;NP_172604.1_2193_1;NP_563889.1_2194;NP_563889.1_2194_1;NP_172606.3_2195;NP_172606.3_2195_1
10	lcl|NC_003070.9_cds_NP_563939.1_2698;lcl|NC_003070.9_cds_NP_563939.1_2698_1;lcl|NC_003070.9_cds_NP_001321001.1_2699;lcl|NC_003070.9_cds_NP_001321001.1_2699_1;lcl|NC_003070.9_cds_NP_172871.1_2700;lcl|NC_003070.9_cds_NP_172871.1_2700_1	NP_563939.1_2698;NP_563939.1_2698_1;NP_001321001.1_2699;NP_001321001.1_2699_1;NP_172871.1_2700;NP_172871.1_2700_1
11	lcl|NC_003070.9_cds_NP_172893.1_2747;lcl|NC_003070.9_cds_NP_172893.1_2747_1;lcl|NC_003070.9_cds_NP_172894.1_2748;lcl|NC_003070.9_cds_NP_172894.1_2748_1;lcl|NC_003070.9_cds_NP_172895.2_2749;lcl|NC_003070.9_cds_NP_172895.2_2749_1	NP_172893.1_2747;NP_172893.1_2747_1;NP_172894.1_2748;NP_172894.1_2748_1;NP_172895.2_2749;NP_172895.2_2749_1
12	lcl|NC_003070.9_cds_NP_001320815.1_2965;lcl|NC_003070.9_cds_NP_001320815.1_2965_1;lcl|NC_003070.9_cds_NP_001320813.1_2966;lcl|NC_003070.9_cds_NP_001320813.1_2966_1;lcl|NC_003070.9_cds_NP_173003.1_2967;lcl|NC_003070.9_cds_NP_173003.1_2967_1	NP_001320815.1_2965;NP_001320815.1_2965_1;NP_001320813.1_2966;NP_001320813.1_2966_1;NP_173003.1_2967;NP_173003.1_2967_1
13	lcl|NC_003070.9_cds_NP_173148.2_3265;lcl|NC_003070.9_cds_NP_173148.2_3265_1;lcl|NC_003070.9_cds_NP_001321156.1_3266;lcl|NC_003070.9_cds_NP_001321156.1_3266_1;;lcl|NC_003070.9_cds_NP_001321156.1_3266;lcl|NC_003070.9_cds_NP_001321156.1_3266_2;lcl|NC_003070.9_cds_NP_001319024.1_3267;lcl|NC_003070.9_cds_NP_001319024.1_3267_1	NP_173148.2_3265;NP_173148.2_3265_1;NP_001321156.1_3266;NP_001321156.1_3266_1;NP;NP_001321156.1_3266;NP_001321156.1_3266_2;NP_001319024.1_3267;NP_001319024.1_3267_1
14	lcl|NC_003070.9_cds_NP_173376.1_3695;lcl|NC_003070.9_cds_NP_173376.1_3695_1;lcl|NC_003070.9_cds_NP_173377.1_3696;lcl|NC_003070.9_cds_NP_173377.1_3696_1;lcl|NC_003070.9_cds_NP_173378.1_3697;lcl|NC_003070.9_cds_NP_173378.1_3697_1;lcl|NC_003070.9_cds_NP_173379.1_3698;lcl|NC_003070.9_cds_NP_173379.1_3698_1	NP_173376.1_3695;NP_173376.1_3695_1;NP_173377.1_3696;NP_173377.1_3696_1;NP_173378.1_3697;NP_173378.1_3697_1;NP_173379.1_3698;NP_173379.1_3698_1
15	lcl|NC_003070.9_cds_NP_173457.1_3848;lcl|NC_003070.9_cds_NP_173457.1_3848_1;lcl|NC_003070.9_cds_NP_173458.1_3849;lcl|NC_003070.9_cds_NP_173458.1_3849_1;lcl|NC_003070.9_cds_NP_173459.1_3850;lcl|NC_003070.9_cds_NP_173459.1_3850_1	NP_173457.1_3848;NP_173457.1_3848_1;NP_173458.1_3849;NP_173458.1_3849_1;NP_173459.1_3850;NP_173459.1_3850_1
16	lcl|NC_003070.9_cds_NP_173660.1_4224;lcl|NC_003070.9_cds_NP_173660.1_4224_1;lcl|NC_003070.9_cds_NP_173661.1_4225;lcl|NC_003070.9_cds_NP_173661.1_4225_1;lcl|NC_003070.9_cds_NP_173662.2_4226;lcl|NC_003070.9_cds_NP_173662.2_4226_1	NP_173660.1_4224;NP_173660.1_4224_1;NP_173661.1_4225;NP_173661.1_4225_1;NP_173662.2_4226;NP_173662.2_4226_1
17	lcl|NC_003070.9_cds_NP_173764.1_4424;lcl|NC_003070.9_cds_NP_173764.1_4424_1;lcl|NC_003070.9_cds_NP_001323392.1_4428;lcl|NC_003070.9_cds_NP_001323392.1_4428_1;lcl|NC_003070.9_cds_NP_173766.1_4429;lcl|NC_003070.9_cds_NP_173766.1_4429_1	NP_173764.1_4424;NP_173764.1_4424_1;NP_001323392.1_4428;NP_001323392.1_4428_1;NP_173766.1_4429;NP_173766.1_4429_1
18	lcl|NC_003070.9_cds_NP_175387.1_7173;lcl|NC_003070.9_cds_NP_175387.1_7173_1;lcl|NC_003070.9_cds_NP_564550.1_7174;lcl|NC_003070.9_cds_NP_564550.1_7174_1;lcl|NC_003070.9_cds_NP_175389.1_7175;lcl|NC_003070.9_cds_NP_175389.1_7175_1	NP_175387.1_7173;NP_175387.1_7173_1;NP_564550.1_7174;NP_564550.1_7174_1;NP_175389.1_7175;NP_175389.1_7175_1
19	lcl|NC_003070.9_cds_NP_175684.3_7711;lcl|NC_003070.9_cds_NP_175684.3_7711_1;lcl|NC_003070.9_cds_NP_175685.1_7712;lcl|NC_003070.9_cds_NP_175685.1_7712_1;lcl|NC_003070.9_cds_NP_175686.1_7713;lcl|NC_003070.9_cds_NP_175686.1_7713_1;lcl|NC_003070.9_cds_NP_175687.2_7714;lcl|NC_003070.9_cds_NP_175687.2_7714_1	NP_175684.3_7711;NP_175684.3_7711_1;NP_175685.1_7712;NP_175685.1_7712_1;NP_175686.1_7713;NP_175686.1_7713_1;NP_175687.2_7714;NP_175687.2_7714_1
20	lcl|NC_003070.9_cds_NP_564720.1_8470;lcl|NC_003070.9_cds_NP_564720.1_8470_1;lcl|NC_003070.9_cds_NP_176052.3_8471;lcl|NC_003070.9_cds_NP_176052.3_8471_1;lcl|NC_003070.9_cds_NP_176053.1_8472;lcl|NC_003070.9_cds_NP_176053.1_8472_1	NP_564720.1_8470;NP_564720.1_8470_1;NP_176052.3_8471;NP_176052.3_8471_1;NP_176053.1_8472;NP_176053.1_8472_1
21	lcl|NC_003070.9_cds_NP_176080.1_8521;lcl|NC_003070.9_cds_NP_176080.1_8521_1;lcl|NC_003070.9_cds_NP_176082.1_8525;lcl|NC_003070.9_cds_NP_176082.1_8525_1;lcl|NC_003070.9_cds_NP_176083.2_8526;lcl|NC_003070.9_cds_NP_176083.2_8526_1	NP_176080.1_8521;NP_176080.1_8521_1;NP_176082.1_8525;NP_176082.1_8525_1;NP_176083.2_8526;NP_176083.2_8526_1
22	lcl|NC_003070.9_cds_NP_974060.1_8970;lcl|NC_003070.9_cds_NP_974060.1_8970_1;lcl|NC_003070.9_cds_NP_564771.1_8971;lcl|NC_003070.9_cds_NP_564771.1_8971_1;lcl|NC_003070.9_cds_NP_564772.1_8972;lcl|NC_003070.9_cds_NP_564772.1_8972_1	NP_974060.1_8970;NP_974060.1_8970_1;NP_564771.1_8971;NP_564771.1_8971_1;NP_564772.1_8972;NP_564772.1_8972_1
23	lcl|NC_003070.9_cds_NP_176645.3_9665;lcl|NC_003070.9_cds_NP_176645.3_9665_1;lcl|NC_003070.9_cds_NP_176646.1_9666;lcl|NC_003070.9_cds_NP_176646.1_9666_1;lcl|NC_003070.9_cds_NP_001077772.1_9667;lcl|NC_003070.9_cds_NP_001077772.1_9667_1	NP_176645.3_9665;NP_176645.3_9665_1;NP_176646.1_9666;NP_176646.1_9666_1;NP_001077772.1_9667;NP_001077772.1_9667_1
24	lcl|NC_003070.9_cds_NP_176830.1_9991;lcl|NC_003070.9_cds_NP_176830.1_9991_1;lcl|NC_003070.9_cds_NP_001031242.1_9992;lcl|NC_003070.9_cds_NP_001031242.1_9992_1;lcl|NC_003070.9_cds_NP_001031241.1_9993;lcl|NC_003070.9_cds_NP_001031241.1_9993_1	NP_176830.1_9991;NP_176830.1_9991_1;NP_001031242.1_9992;NP_001031242.1_9992_1;NP_001031241.1_9993;NP_001031241.1_9993_1
25	lcl|NC_003070.9_cds_NP_177020.1_10377;lcl|NC_003070.9_cds_NP_177020.1_10377_1;lcl|NC_003070.9_cds_NP_849861.1_10378;lcl|NC_003070.9_cds_NP_849861.1_10378_1;lcl|NC_003070.9_cds_NP_177021.1_10379;lcl|NC_003070.9_cds_NP_177021.1_10379_1;lcl|NC_003070.9_cds_NP_001319348.1_10380;lcl|NC_003070.9_cds_NP_001319348.1_10380_1	NP_177020.1_10377;NP_177020.1_10377_1;NP_849861.1_10378;NP_849861.1_10378_1;NP_177021.1_10379;NP_177021.1_10379_1;NP_001319348.1_10380;NP_001319348.1_10380_1
26	lcl|NC_003070.9_cds_NP_849865.1_10497;lcl|NC_003070.9_cds_NP_849865.1_10497_1;lcl|NC_003070.9_cds_NP_564955.1_10498;lcl|NC_003070.9_cds_NP_564955.1_10498_1;lcl|NC_003070.9_cds_NP_177084.2_10501;lcl|NC_003070.9_cds_NP_177084.2_10501_1	NP_849865.1_10497;NP_849865.1_10497_1;NP_564955.1_10498;NP_564955.1_10498_1;NP_177084.2_10501;NP_177084.2_10501_1
27	lcl|NC_003070.9_cds_NP_564969.1_10548;lcl|NC_003070.9_cds_NP_564969.1_10548_1;lcl|NC_003070.9_cds_NP_001031256.1_10549;lcl|NC_003070.9_cds_NP_001031256.1_10549_1;lcl|NC_003070.9_cds_NP_564970.2_10550;lcl|NC_003070.9_cds_NP_564970.2_10550_1;lcl|NC_003070.9_cds_NP_001154462.1_10551;lcl|NC_003070.9_cds_NP_001154462.1_10551_1	NP_564969.1_10548;NP_564969.1_10548_1;NP_001031256.1_10549;NP_001031256.1_10549_1;NP_564970.2_10550;NP_564970.2_10550_1;NP_001154462.1_10551;NP_001154462.1_10551_1
28	lcl|NC_003070.9_cds_NP_564972.1_10578;lcl|NC_003070.9_cds_NP_564972.1_10578_1;lcl|NC_003070.9_cds_NP_564973.1_10579;lcl|NC_003070.9_cds_NP_564973.1_10579_1;lcl|NC_003070.9_cds_NP_177128.1_10580;lcl|NC_003070.9_cds_NP_177128.1_10580_1	NP_564972.1_10578;NP_564972.1_10578_1;NP_564973.1_10579;NP_564973.1_10579_1;NP_177128.1_10580;NP_177128.1_10580_1
29	lcl|NC_003070.9_cds_NP_564978.1_10617;lcl|NC_003070.9_cds_NP_564978.1_10617_1;lcl|NC_003070.9_cds_NP_177144.1_10618;lcl|NC_003070.9_cds_NP_177144.1_10618_1;lcl|NC_003070.9_cds_NP_564979.1_10619;lcl|NC_003070.9_cds_NP_564979.1_10619_1	NP_564978.1_10617;NP_564978.1_10617_1;NP_177144.1_10618;NP_177144.1_10618_1;NP_564979.1_10619;NP_564979.1_10619_1
30	lcl|NC_003070.9_cds_NP_177168.1_10653;lcl|NC_003070.9_cds_NP_177168.1_10653_1;lcl|NC_003070.9_cds_NP_177169.1_10654;lcl|NC_003070.9_cds_NP_177169.1_10654_1;lcl|NC_003070.9_cds_NP_177170.1_10655;lcl|NC_003070.9_cds_NP_177170.1_10655_1	NP_177168.1_10653;NP_177168.1_10653_1;NP_177169.1_10654;NP_177169.1_10654_1;NP_177170.1_10655;NP_177170.1_10655_1
31	lcl|NC_003070.9_cds_NP_177403.1_11078;lcl|NC_003070.9_cds_NP_177403.1_11078_1;lcl|NC_003070.9_cds_NP_177405.1_11081;lcl|NC_003070.9_cds_NP_177405.1_11081_1;lcl|NC_003070.9_cds_NP_177406.2_11082;lcl|NC_003070.9_cds_NP_177406.2_11082_1	NP_177403.1_11078;NP_177403.1_11078_1;NP_177405.1_11081;NP_177405.1_11081_1;NP_177406.2_11082;NP_177406.2_11082_1
32	lcl|NC_003070.9_cds_NP_177768.1_11743;lcl|NC_003070.9_cds_NP_177768.1_11743_1;lcl|NC_003070.9_cds_NP_177769.1_11744;lcl|NC_003070.9_cds_NP_177769.1_11744_1;lcl|NC_003070.9_cds_NP_565131.1_11748;lcl|NC_003070.9_cds_NP_565131.1_11748_1	NP_177768.1_11743;NP_177768.1_11743_1;NP_177769.1_11744;NP_177769.1_11744_1;NP_565131.1_11748;NP_565131.1_11748_1
33	lcl|NC_003071.7_cds_NP_178428.3_13082;lcl|NC_003071.7_cds_NP_178428.3_13082_1;lcl|NC_003071.7_cds_NP_178429.1_13083;lcl|NC_003071.7_cds_NP_178429.1_13083_1;lcl|NC_003071.7_cds_NP_178432.1_13087;lcl|NC_003071.7_cds_NP_178432.1_13087_1;lcl|NC_003071.7_cds_NP_178433.1_13088;lcl|NC_003071.7_cds_NP_178433.1_13088_1;lcl|NC_003071.7_cds_NP_565300.1_13089;lcl|NC_003071.7_cds_NP_565300.1_13089_1	NP_178428.3_13082;NP_178428.3_13082_1;NP_178429.1_13083;NP_178429.1_13083_1;NP_178432.1_13087;NP_178432.1_13087_1;NP_178433.1_13088;NP_178433.1_13088_1;NP_565300.1_13089;NP_565300.1_13089_1
34	lcl|NC_003071.7_cds_NP_178570.1_13373;lcl|NC_003071.7_cds_NP_178570.1_13373_1;lcl|NC_003071.7_cds_NP_565319.1_13374;lcl|NC_003071.7_cds_NP_565319.1_13374_1;lcl|NC_003071.7_cds_NP_001154495.1_13375;lcl|NC_003071.7_cds_NP_001154495.1_13375_1;lcl|NC_003071.7_cds_NP_178581.1_13376;lcl|NC_003071.7_cds_NP_178581.1_13376_1	NP_178570.1_13373;NP_178570.1_13373_1;NP_565319.1_13374;NP_565319.1_13374_1;NP_001154495.1_13375;NP_001154495.1_13375_1;NP_178581.1_13376;NP_178581.1_13376_1
35	lcl|NC_003071.7_cds_NP_565378.1_14072;lcl|NC_003071.7_cds_NP_565378.1_14072_1;lcl|NC_003071.7_cds_NP_179173.1_14073;lcl|NC_003071.7_cds_NP_179173.1_14073_1;lcl|NC_003071.7_cds_NP_179175.3_14074;lcl|NC_003071.7_cds_NP_179175.3_14074_1;lcl|NC_003071.7_cds_NP_001325002.1_14075;lcl|NC_003071.7_cds_NP_001325002.1_14075_1;lcl|NC_003071.7_cds_NP_001325001.1_14076;lcl|NC_003071.7_cds_NP_001325001.1_14076_1	NP_565378.1_14072;NP_565378.1_14072_1;NP_179173.1_14073;NP_179173.1_14073_1;NP_179175.3_14074;NP_179175.3_14074_1;NP_001325002.1_14075;NP_001325002.1_14075_1;NP_001325001.1_14076;NP_001325001.1_14076_1
36	lcl|NC_003071.7_cds_NP_565436.1_14519;lcl|NC_003071.7_cds_NP_565436.1_14519_1;lcl|NC_003071.7_cds_NP_565437.1_14520;lcl|NC_003071.7_cds_NP_565437.1_14520_1;lcl|NC_003071.7_cds_NP_001325079.1_14521;lcl|NC_003071.7_cds_NP_001325079.1_14521_1	NP_565436.1_14519;NP_565436.1_14519_1;NP_565437.1_14520;NP_565437.1_14520_1;NP_001325079.1_14521;NP_001325079.1_14521_1
37	lcl|NC_003071.7_cds_NP_179623.1_14832;lcl|NC_003071.7_cds_NP_179623.1_14832_1;lcl|NC_003071.7_cds_NP_849999.1_14833;lcl|NC_003071.7_cds_NP_849999.1_14833_1;lcl|NC_003071.7_cds_NP_001324415.1_14834;lcl|NC_003071.7_cds_NP_001324415.1_14834_1	NP_179623.1_14832;NP_179623.1_14832_1;NP_849999.1_14833;NP_849999.1_14833_1;NP_001324415.1_14834;NP_001324415.1_14834_1
38	lcl|NC_003071.7_cds_NP_850003.1_14930;lcl|NC_003071.7_cds_NP_850003.1_14930_1;lcl|NC_003071.7_cds_NP_179671.2_14931;lcl|NC_003071.7_cds_NP_179671.2_14931_1;lcl|NC_003071.7_cds_NP_001325036.1_14932;lcl|NC_003071.7_cds_NP_001325036.1_14932_1	NP_850003.1_14930;NP_850003.1_14930_1;NP_179671.2_14931;NP_179671.2_14931_1;NP_001325036.1_14932;NP_001325036.1_14932_1
39	lcl|NC_003071.7_cds_NP_179780.1_15170;lcl|NC_003071.7_cds_NP_179780.1_15170_1;lcl|NC_003071.7_cds_NP_850019.1_15171;lcl|NC_003071.7_cds_NP_850019.1_15171_1;lcl|NC_003071.7_cds_NP_179782.1_15172;lcl|NC_003071.7_cds_NP_179782.1_15172_1	NP_179780.1_15170;NP_179780.1_15170_1;NP_850019.1_15171;NP_850019.1_15171_1;NP_179782.1_15172;NP_179782.1_15172_1
40	lcl|NC_003071.7_cds_NP_565553.1_15453;lcl|NC_003071.7_cds_NP_565553.1_15453_1;lcl|NC_003071.7_cds_NP_179928.2_15454;lcl|NC_003071.7_cds_NP_179928.2_15454_1;lcl|NC_003071.7_cds_NP_179932.1_15455;lcl|NC_003071.7_cds_NP_179932.1_15455_1;lcl|NC_003071.7_cds_NP_179934.2_15457;lcl|NC_003071.7_cds_NP_179934.2_15457_1;lcl|NC_003071.7_cds_NP_179935.1_15458;lcl|NC_003071.7_cds_NP_179935.1_15458_1	NP_565553.1_15453;NP_565553.1_15453_1;NP_179928.2_15454;NP_179928.2_15454_1;NP_179932.1_15455;NP_179932.1_15455_1;NP_179934.2_15457;NP_179934.2_15457_1;NP_179935.1_15458;NP_179935.1_15458_1
41	lcl|NC_003071.7_cds_NP_180193.1_15986;lcl|NC_003071.7_cds_NP_180193.1_15986_1;lcl|NC_003071.7_cds_NP_180194.2_15987;lcl|NC_003071.7_cds_NP_180194.2_15987_1;lcl|NC_003071.7_cds_NP_001031422.1_15988;lcl|NC_003071.7_cds_NP_001031422.1_15988_1	NP_180193.1_15986;NP_180193.1_15986_1;NP_180194.2_15987;NP_180194.2_15987_1;NP_001031422.1_15988;NP_001031422.1_15988_1
42	lcl|NC_003071.7_cds_NP_180238.2_16080;lcl|NC_003071.7_cds_NP_180238.2_16080_1;lcl|NC_003071.7_cds_NP_180239.1_16081;lcl|NC_003071.7_cds_NP_180239.1_16081_1;lcl|NC_003071.7_cds_NP_180240.1_16082;lcl|NC_003071.7_cds_NP_180240.1_16082_1	NP_180238.2_16080;NP_180238.2_16080_1;NP_180239.1_16081;NP_180239.1_16081_1;NP_180240.1_16082;NP_180240.1_16082_1
43	lcl|NC_003071.7_cds_NP_180335.2_16260;lcl|NC_003071.7_cds_NP_180335.2_16260_1;lcl|NC_003071.7_cds_NP_565656.1_16261;lcl|NC_003071.7_cds_NP_565656.1_16261_1;lcl|NC_003071.7_cds_NP_180337.1_16262;lcl|NC_003071.7_cds_NP_180337.1_16262_1	NP_180335.2_16260;NP_180335.2_16260_1;NP_565656.1_16261;NP_565656.1_16261_1;NP_180337.1_16262;NP_180337.1_16262_1
44	lcl|NC_003071.7_cds_NP_180489.1_16539;lcl|NC_003071.7_cds_NP_180489.1_16539_1;lcl|NC_003071.7_cds_NP_001118408.1_16541;lcl|NC_003071.7_cds_NP_001118408.1_16541_1;lcl|NC_003071.7_cds_NP_180490.2_16542;lcl|NC_003071.7_cds_NP_180490.2_16542_1	NP_180489.1_16539;NP_180489.1_16539_1;NP_001118408.1_16541;NP_001118408.1_16541_1;NP_180490.2_16542;NP_180490.2_16542_1
45	lcl|NC_003071.7_cds_NP_001031442.1_16559;lcl|NC_003071.7_cds_NP_001031442.1_16559_1;lcl|NC_003071.7_cds_NP_180497.1_16560;lcl|NC_003071.7_cds_NP_180497.1_16560_1;lcl|NC_003071.7_cds_NP_850132.2_16561;lcl|NC_003071.7_cds_NP_850132.2_16561_1	NP_001031442.1_16559;NP_001031442.1_16559_1;NP_180497.1_16560;NP_180497.1_16560_1;NP_850132.2_16561;NP_850132.2_16561_1
46	lcl|NC_003071.7_cds_NP_180538.1_16634;lcl|NC_003071.7_cds_NP_180538.1_16634_1;lcl|NC_003071.7_cds_NP_001118414.1_16635;lcl|NC_003071.7_cds_NP_001118414.1_16635_1;lcl|NC_003071.7_cds_NP_180539.1_16636;lcl|NC_003071.7_cds_NP_180539.1_16636_1;lcl|NC_003071.7_cds_NP_180541.1_16640;lcl|NC_003071.7_cds_NP_180541.1_16640_1;lcl|NC_003071.7_cds_NP_180542.1_16641;lcl|NC_003071.7_cds_NP_180542.1_16641_1;lcl|NC_003071.7_cds_NP_180543.1_16642;lcl|NC_003071.7_cds_NP_180543.1_16642_1	NP_180538.1_16634;NP_180538.1_16634_1;NP_001118414.1_16635;NP_001118414.1_16635_1;NP_180539.1_16636;NP_180539.1_16636_1;NP_180541.1_16640;NP_180541.1_16640_1;NP_180542.1_16641;NP_180542.1_16641_1;NP_180543.1_16642;NP_180543.1_16642_1
47	lcl|NC_003071.7_cds_NP_001325315.1_17107;lcl|NC_003071.7_cds_NP_001325315.1_17107_1;lcl|NC_003071.7_cds_NP_001118430.1_17108;lcl|NC_003071.7_cds_NP_001118430.1_17108_1;lcl|NC_003071.7_cds_NP_001324710.1_17109;lcl|NC_003071.7_cds_NP_001324710.1_17109_1	NP_001325315.1_17107;NP_001325315.1_17107_1;NP_001118430.1_17108;NP_001118430.1_17108_1;NP_001324710.1_17109;NP_001324710.1_17109_1
48	lcl|NC_003071.7_cds_NP_181325.2_18200;lcl|NC_003071.7_cds_NP_181325.2_18200_1;lcl|NC_003071.7_cds_NP_181326.1_18201;lcl|NC_003071.7_cds_NP_181326.1_18201_1;lcl|NC_003071.7_cds_NP_001324327.1_18202;lcl|NC_003071.7_cds_NP_001324327.1_18202_1	NP_181325.2_18200;NP_181325.2_18200_1;NP_181326.1_18201;NP_181326.1_18201_1;NP_001324327.1_18202;NP_001324327.1_18202_1
49	lcl|NC_003071.7_cds_NP_181646.1_18871;lcl|NC_003071.7_cds_NP_181646.1_18871_1;lcl|NC_003071.7_cds_NP_181647.1_18872;lcl|NC_003071.7_cds_NP_181647.1_18872_1;lcl|NC_003071.7_cds_NP_181648.2_18873;lcl|NC_003071.7_cds_NP_181648.2_18873_1	NP_181646.1_18871;NP_181646.1_18871_1;NP_181647.1_18872;NP_181647.1_18872_1;NP_181648.2_18873;NP_181648.2_18873_1
50	lcl|NC_003071.7_cds_NP_181914.1_19423;lcl|NC_003071.7_cds_NP_181914.1_19423_1;lcl|NC_003071.7_cds_NP_181915.1_19425;lcl|NC_003071.7_cds_NP_181915.1_19425_1;lcl|NC_003071.7_cds_NP_181916.1_19426;lcl|NC_003071.7_cds_NP_181916.1_19426_1;lcl|NC_003071.7_cds_NP_001324187.1_19427;lcl|NC_003071.7_cds_NP_001324187.1_19427_1;lcl|NC_003071.7_cds_NP_181917.1_19428;lcl|NC_003071.7_cds_NP_181917.1_19428_1	NP_181914.1_19423;NP_181914.1_19423_1;NP_181915.1_19425;NP_181915.1_19425_1;NP_181916.1_19426;NP_181916.1_19426_1;NP_001324187.1_19427;NP_001324187.1_19427_1;NP_181917.1_19428;NP_181917.1_19428_1
51	lcl|NC_003071.7_cds_NP_182064.1_19687;lcl|NC_003071.7_cds_NP_182064.1_19687_1;lcl|NC_003071.7_cds_NP_001323895.1_19688;lcl|NC_003071.7_cds_NP_001323895.1_19688_1;lcl|NC_003071.7_cds_NP_001323894.1_19689;lcl|NC_003071.7_cds_NP_001323894.1_19689_1;lcl|NC_003071.7_cds_NP_001323896.1_19690;lcl|NC_003071.7_cds_NP_001323896.1_19690_1	NP_182064.1_19687;NP_182064.1_19687_1;NP_001323895.1_19688;NP_001323895.1_19688_1;NP_001323894.1_19689;NP_001323894.1_19689_1;NP_001323896.1_19690;NP_001323896.1_19690_1
52	lcl|NC_003071.7_cds_NP_182083.1_19732;lcl|NC_003071.7_cds_NP_182083.1_19732_1;lcl|NC_003071.7_cds_NP_566047.1_19733;lcl|NC_003071.7_cds_NP_566047.1_19733_1;lcl|NC_003071.7_cds_NP_182085.1_19734;lcl|NC_003071.7_cds_NP_182085.1_19734_1	NP_182083.1_19732;NP_182083.1_19732_1;NP_566047.1_19733;NP_566047.1_19733_1;NP_182085.1_19734;NP_182085.1_19734_1
53	lcl|NC_003071.7_cds_NP_566052.1_19744;lcl|NC_003071.7_cds_NP_566052.1_19744_1;lcl|NC_003071.7_cds_NP_182092.1_19745;lcl|NC_003071.7_cds_NP_182092.1_19745_1;lcl|NC_003071.7_cds_NP_566053.1_19746;lcl|NC_003071.7_cds_NP_566053.1_19746_1	NP_566052.1_19744;NP_566052.1_19744_1;NP_182092.1_19745;NP_182092.1_19745_1;NP_566053.1_19746;NP_566053.1_19746_1
54	lcl|NC_003071.7_cds_NP_182235.1_20061;lcl|NC_003071.7_cds_NP_182235.1_20061_1;lcl|NC_003071.7_cds_NP_566097.1_20062;lcl|NC_003071.7_cds_NP_566097.1_20062_1;lcl|NC_003071.7_cds_NP_182237.1_20063;lcl|NC_003071.7_cds_NP_182237.1_20063_1	NP_182235.1_20061;NP_182235.1_20061_1;NP_566097.1_20062;NP_566097.1_20062_1;NP_182237.1_20063;NP_182237.1_20063_1
55	lcl|NC_003074.8_cds_NP_001189799.2_20741;lcl|NC_003074.8_cds_NP_001189799.2_20741_1;lcl|NC_003074.8_cds_NP_186985.5_20742;lcl|NC_003074.8_cds_NP_186985.5_20742_1;lcl|NC_003074.8_cds_NP_001319457.1_20743;lcl|NC_003074.8_cds_NP_001319457.1_20743_1	NP_001189799.2_20741;NP_001189799.2_20741_1;NP_186985.5_20742;NP_186985.5_20742_1;NP_001319457.1_20743;NP_001319457.1_20743_1
56	lcl|NC_003074.8_cds_NP_187048.1_20851;lcl|NC_003074.8_cds_NP_187048.1_20851_1;lcl|NC_003074.8_cds_NP_566220.1_20852;lcl|NC_003074.8_cds_NP_566220.1_20852_1;lcl|NC_003074.8_cds_NP_566221.2_20853;lcl|NC_003074.8_cds_NP_566221.2_20853_1	NP_187048.1_20851;NP_187048.1_20851_1;NP_566220.1_20852;NP_566220.1_20852_1;NP_566221.2_20853;NP_566221.2_20853_1
57	lcl|NC_003074.8_cds_NP_187164.1_21073;lcl|NC_003074.8_cds_NP_187164.1_21073_1;lcl|NC_003074.8_cds_NP_001327889.1_21074;lcl|NC_003074.8_cds_NP_001327889.1_21074_1;lcl|NC_003074.8_cds_NP_187165.2_21075;lcl|NC_003074.8_cds_NP_187165.2_21075_1	NP_187164.1_21073;NP_187164.1_21073_1;NP_001327889.1_21074;NP_001327889.1_21074_1;NP_187165.2_21075;NP_187165.2_21075_1
58	lcl|NC_003074.8_cds_NP_001118580.1_21134;lcl|NC_003074.8_cds_NP_001118580.1_21134_1;lcl|NC_003074.8_cds_NP_187190.1_21135;lcl|NC_003074.8_cds_NP_187190.1_21135_1;lcl|NC_003074.8_cds_NP_187191.2_21136;lcl|NC_003074.8_cds_NP_187191.2_21136_1;lcl|NC_003074.8_cds_NP_001189814.1_21137;lcl|NC_003074.8_cds_NP_001189814.1_21137_1;lcl|NC_003074.8_cds_NP_001154592.1_21138;lcl|NC_003074.8_cds_NP_001154592.1_21138_1	NP_001118580.1_21134;NP_001118580.1_21134_1;NP_187190.1_21135;NP_187190.1_21135_1;NP_187191.2_21136;NP_187191.2_21136_1;NP_001189814.1_21137;NP_001189814.1_21137_1;NP_001154592.1_21138;NP_001154592.1_21138_1
59	lcl|NC_003074.8_cds_NP_187244.1_21254;lcl|NC_003074.8_cds_NP_187244.1_21254_1;lcl|NC_003074.8_cds_NP_187245.2_21263;lcl|NC_003074.8_cds_NP_187245.2_21263_1;lcl|NC_003074.8_cds_NP_187246.1_21264;lcl|NC_003074.8_cds_NP_187246.1_21264_1	NP_187244.1_21254;NP_187244.1_21254_1;NP_187245.2_21263;NP_187245.2_21263_1;NP_187246.1_21264;NP_187246.1_21264_1
60	lcl|NC_003074.8_cds_NP_187439.1_21660;lcl|NC_003074.8_cds_NP_187439.1_21660_1;lcl|NC_003074.8_cds_NP_187440.1_21661;lcl|NC_003074.8_cds_NP_187440.1_21661_1;lcl|NC_003074.8_cds_NP_187441.1_21662;lcl|NC_003074.8_cds_NP_187441.1_21662_1;lcl|NC_003074.8_cds_NP_187442.1_21663;lcl|NC_003074.8_cds_NP_187442.1_21663_1	NP_187439.1_21660;NP_187439.1_21660_1;NP_187440.1_21661;NP_187440.1_21661_1;NP_187441.1_21662;NP_187441.1_21662_1;NP_187442.1_21663;NP_187442.1_21663_1
61	lcl|NC_003074.8_cds_NP_188067.1_22928;lcl|NC_003074.8_cds_NP_188067.1_22928_1;lcl|NC_003074.8_cds_NP_188069.1_22929;lcl|NC_003074.8_cds_NP_188069.1_22929_1;lcl|NC_003074.8_cds_NP_188070.2_22930;lcl|NC_003074.8_cds_NP_188070.2_22930_1;lcl|NC_003074.8_cds_NP_188071.1_22931;lcl|NC_003074.8_cds_NP_188071.1_22931_1	NP_188067.1_22928;NP_188067.1_22928_1;NP_188069.1_22929;NP_188069.1_22929_1;NP_188070.2_22930;NP_188070.2_22930_1;NP_188071.1_22931;NP_188071.1_22931_1
62	lcl|NC_003074.8_cds_NP_566513.1_23122;lcl|NC_003074.8_cds_NP_566513.1_23122_1;lcl|NC_003074.8_cds_NP_001030702.1_23123;lcl|NC_003074.8_cds_NP_001030702.1_23123_1;lcl|NC_003074.8_cds_NP_001030701.1_23124;lcl|NC_003074.8_cds_NP_001030701.1_23124_1	NP_566513.1_23122;NP_566513.1_23122_1;NP_001030702.1_23123;NP_001030702.1_23123_1;NP_001030701.1_23124;NP_001030701.1_23124_1
63	lcl|NC_003074.8_cds_NP_566529.1_23198;lcl|NC_003074.8_cds_NP_566529.1_23198_1;lcl|NC_003074.8_cds_NP_188207.1_23199;lcl|NC_003074.8_cds_NP_188207.1_23199_1;lcl|NC_003074.8_cds_NP_188208.4_23200;lcl|NC_003074.8_cds_NP_188208.4_23200_1	NP_566529.1_23198;NP_566529.1_23198_1;NP_188207.1_23199;NP_188207.1_23199_1;NP_188208.4_23200;NP_188208.4_23200_1
64	lcl|NC_003074.8_cds_NP_001189954.1_24636;lcl|NC_003074.8_cds_NP_001189954.1_24636_1;lcl|NC_003074.8_cds_NP_188990.4_24637;lcl|NC_003074.8_cds_NP_188990.4_24637_1;lcl|NC_003074.8_cds_NP_001326592.1_24638;lcl|NC_003074.8_cds_NP_001326592.1_24638_1	NP_001189954.1_24636;NP_001189954.1_24636_1;NP_188990.4_24637;NP_188990.4_24637_1;NP_001326592.1_24638;NP_001326592.1_24638_1
65	lcl|NC_003074.8_cds_NP_189310.2_25249;lcl|NC_003074.8_cds_NP_189310.2_25249_1;lcl|NC_003074.8_cds_NP_189311.2_25250;lcl|NC_003074.8_cds_NP_189311.2_25250_1;lcl|NC_003074.8_cds_NP_566798.1_25251;lcl|NC_003074.8_cds_NP_566798.1_25251_1	NP_189310.2_25249;NP_189310.2_25249_1;NP_189311.2_25250;NP_189311.2_25250_1;NP_566798.1_25251;NP_566798.1_25251_1
66	lcl|NC_003074.8_cds_NP_001326845.1_25905;lcl|NC_003074.8_cds_NP_001326845.1_25905_1;lcl|NC_003074.8_cds_NP_189732.1_25908;lcl|NC_003074.8_cds_NP_189732.1_25908_1;lcl|NC_003074.8_cds_NP_189746.1_25911;lcl|NC_003074.8_cds_NP_189746.1_25911_1;lcl|NC_003074.8_cds_NP_189747.1_25912;lcl|NC_003074.8_cds_NP_189747.1_25912_1;lcl|NC_003074.8_cds_NP_001030796.1_25913;lcl|NC_003074.8_cds_NP_001030796.1_25913_1;lcl|NC_003074.8_cds_NP_189752.1_25915;lcl|NC_003074.8_cds_NP_189752.1_25915_1	NP_001326845.1_25905;NP_001326845.1_25905_1;NP_189732.1_25908;NP_189732.1_25908_1;NP_189746.1_25911;NP_189746.1_25911_1;NP_189747.1_25912;NP_189747.1_25912_1;NP_001030796.1_25913;NP_001030796.1_25913_1;NP_189752.1_25915;NP_189752.1_25915_1
67	lcl|NC_003074.8_cds_NP_190041.2_26212;lcl|NC_003074.8_cds_NP_190041.2_26212_1;lcl|NC_003074.8_cds_NP_001325959.1_26213;lcl|NC_003074.8_cds_NP_001325959.1_26213_1;lcl|NC_003074.8_cds_NP_190042.2_26216;lcl|NC_003074.8_cds_NP_190042.2_26216_1	NP_190041.2_26212;NP_190041.2_26212_1;NP_001325959.1_26213;NP_001325959.1_26213_1;NP_190042.2_26216;NP_190042.2_26216_1
68	lcl|NC_003074.8_cds_NP_190150.1_26408;lcl|NC_003074.8_cds_NP_190150.1_26408_1;lcl|NC_003074.8_cds_NP_001327486.1_26409;lcl|NC_003074.8_cds_NP_001327486.1_26409_1;lcl|NC_003074.8_cds_NP_190151.1_26410;lcl|NC_003074.8_cds_NP_190151.1_26410_1;lcl|NC_003074.8_cds_NP_001326076.1_26411;lcl|NC_003074.8_cds_NP_001326076.1_26411_1	NP_190150.1_26408;NP_190150.1_26408_1;NP_001327486.1_26409;NP_001327486.1_26409_1;NP_190151.1_26410;NP_190151.1_26410_1;NP_001326076.1_26411;NP_001326076.1_26411_1
69	lcl|NC_003074.8_cds_NP_190200.1_26494;lcl|NC_003074.8_cds_NP_190200.1_26494_1;lcl|NC_003074.8_cds_NP_190202.1_26496;lcl|NC_003074.8_cds_NP_190202.1_26496_1;lcl|NC_003074.8_cds_NP_190203.1_26497;lcl|NC_003074.8_cds_NP_190203.1_26497_1	NP_190200.1_26494;NP_190200.1_26494_1;NP_190202.1_26496;NP_190202.1_26496_1;NP_190203.1_26497;NP_190203.1_26497_1
70	lcl|NC_003074.8_cds_NP_190440.1_26946;lcl|NC_003074.8_cds_NP_190440.1_26946_1;lcl|NC_003074.8_cds_NP_190441.1_26947;lcl|NC_003074.8_cds_NP_190441.1_26947_1;lcl|NC_003074.8_cds_NP_190442.1_26948;lcl|NC_003074.8_cds_NP_190442.1_26948_1	NP_190440.1_26946;NP_190440.1_26946_1;NP_190441.1_26947;NP_190441.1_26947_1;NP_190442.1_26948;NP_190442.1_26948_1
71	lcl|NC_003074.8_cds_NP_190448.1_26956;lcl|NC_003074.8_cds_NP_190448.1_26956_1;lcl|NC_003074.8_cds_NP_001327212.1_26957;lcl|NC_003074.8_cds_NP_001327212.1_26957_1;lcl|NC_003074.8_cds_NP_190449.1_26958;lcl|NC_003074.8_cds_NP_190449.1_26958_1	NP_190448.1_26956;NP_190448.1_26956_1;NP_001327212.1_26957;NP_001327212.1_26957_1;NP_190449.1_26958;NP_190449.1_26958_1
72	lcl|NC_003074.8_cds_NP_001190048.1_27261;lcl|NC_003074.8_cds_NP_001190048.1_27261_1;lcl|NC_003074.8_cds_NP_190622.1_27262;lcl|NC_003074.8_cds_NP_190622.1_27262_1;lcl|NC_003074.8_cds_NP_566935.1_27266;lcl|NC_003074.8_cds_NP_566935.1_27266_1	NP_001190048.1_27261;NP_001190048.1_27261_1;NP_190622.1_27262;NP_190622.1_27262_1;NP_566935.1_27266;NP_566935.1_27266_1
73	lcl|NC_003074.8_cds_NP_190641.1_27289;lcl|NC_003074.8_cds_NP_190641.1_27289_1;lcl|NC_003074.8_cds_NP_190642.2_27290;lcl|NC_003074.8_cds_NP_190642.2_27290_1;lcl|NC_003074.8_cds_NP_566938.1_27291;lcl|NC_003074.8_cds_NP_566938.1_27291_1	NP_190641.1_27289;NP_190641.1_27289_1;NP_190642.2_27290;NP_190642.2_27290_1;NP_566938.1_27291;NP_566938.1_27291_1
74	lcl|NC_003074.8_cds_NP_190712.1_27412;lcl|NC_003074.8_cds_NP_190712.1_27412_1;lcl|NC_003074.8_cds_NP_190713.1_27413;lcl|NC_003074.8_cds_NP_190713.1_27413_1;lcl|NC_003074.8_cds_NP_190714.2_27414;lcl|NC_003074.8_cds_NP_190714.2_27414_1	NP_190712.1_27412;NP_190712.1_27412_1;NP_190713.1_27413;NP_190713.1_27413_1;NP_190714.2_27414;NP_190714.2_27414_1
75	lcl|NC_003074.8_cds_NP_190717.1_27421;lcl|NC_003074.8_cds_NP_190717.1_27421_1;lcl|NC_003074.8_cds_NP_001190054.1_27422;lcl|NC_003074.8_cds_NP_001190054.1_27422_1;lcl|NC_003074.8_cds_NP_001327612.1_27423;lcl|NC_003074.8_cds_NP_001327612.1_27423_1;lcl|NC_003074.8_cds_NP_566952.1_27426;lcl|NC_003074.8_cds_NP_566952.1_27426_1	NP_190717.1_27421;NP_190717.1_27421_1;NP_001190054.1_27422;NP_001190054.1_27422_1;NP_001327612.1_27423;NP_001327612.1_27423_1;NP_566952.1_27426;NP_566952.1_27426_1
76	lcl|NC_003074.8_cds_NP_190861.1_27694;lcl|NC_003074.8_cds_NP_190861.1_27694_1;lcl|NC_003074.8_cds_NP_566975.1_27695;lcl|NC_003074.8_cds_NP_566975.1_27695_1;lcl|NC_003074.8_cds_NP_974420.1_27696;lcl|NC_003074.8_cds_NP_974420.1_27696_1	NP_190861.1_27694;NP_190861.1_27694_1;NP_566975.1_27695;NP_566975.1_27695_1;NP_974420.1_27696;NP_974420.1_27696_1
77	lcl|NC_003074.8_cds_NP_190906.1_27784;lcl|NC_003074.8_cds_NP_190906.1_27784_1;lcl|NC_003074.8_cds_NP_190907.2_27785;lcl|NC_003074.8_cds_NP_190907.2_27785_1;lcl|NC_003074.8_cds_NP_190908.1_27786;lcl|NC_003074.8_cds_NP_190908.1_27786_1	NP_190906.1_27784;NP_190906.1_27784_1;NP_190907.2_27785;NP_190907.2_27785_1;NP_190908.1_27786;NP_190908.1_27786_1
78	lcl|NC_003074.8_cds_NP_191113.1_28202;lcl|NC_003074.8_cds_NP_191113.1_28202_1;lcl|NC_003074.8_cds_NP_191114.1_28203;lcl|NC_003074.8_cds_NP_191114.1_28203_1;lcl|NC_003074.8_cds_NP_191115.1_28204;lcl|NC_003074.8_cds_NP_191115.1_28204_1	NP_191113.1_28202;NP_191113.1_28202_1;NP_191114.1_28203;NP_191114.1_28203_1;NP_191115.1_28204;NP_191115.1_28204_1
79	lcl|NC_003074.8_cds_NP_001078299.1_28230;lcl|NC_003074.8_cds_NP_001078299.1_28230_1;lcl|NC_003074.8_cds_NP_191126.1_28231;lcl|NC_003074.8_cds_NP_191126.1_28231_1;lcl|NC_003074.8_cds_NP_001118847.1_28232;lcl|NC_003074.8_cds_NP_001118847.1_28232_1	NP_001078299.1_28230;NP_001078299.1_28230_1;NP_191126.1_28231;NP_191126.1_28231_1;NP_001118847.1_28232;NP_001118847.1_28232_1
80	lcl|NC_003074.8_cds_NP_191129.1_28236;lcl|NC_003074.8_cds_NP_191129.1_28236_1;lcl|NC_003074.8_cds_NP_191130.1_28237;lcl|NC_003074.8_cds_NP_191130.1_28237_1;lcl|NC_003074.8_cds_NP_191131.1_28238;lcl|NC_003074.8_cds_NP_191131.1_28238_1	NP_191129.1_28236;NP_191129.1_28236_1;NP_191130.1_28237;NP_191130.1_28237_1;NP_191131.1_28238;NP_191131.1_28238_1
81	lcl|NC_003074.8_cds_NP_191141.1_28258;lcl|NC_003074.8_cds_NP_191141.1_28258_1;lcl|NC_003074.8_cds_NP_191142.1_28259;lcl|NC_003074.8_cds_NP_191142.1_28259_1;lcl|NC_003074.8_cds_NP_191143.1_28260;lcl|NC_003074.8_cds_NP_191143.1_28260_1	NP_191141.1_28258;NP_191141.1_28258_1;NP_191142.1_28259;NP_191142.1_28259_1;NP_191143.1_28260;NP_191143.1_28260_1
82	lcl|NC_003074.8_cds_NP_191234.1_28437;lcl|NC_003074.8_cds_NP_191234.1_28437_1;lcl|NC_003074.8_cds_NP_191235.1_28438;lcl|NC_003074.8_cds_NP_191235.1_28438_1;lcl|NC_003074.8_cds_NP_191236.1_28439;lcl|NC_003074.8_cds_NP_191236.1_28439_1	NP_191234.1_28437;NP_191234.1_28437_1;NP_191235.1_28438;NP_191235.1_28438_1;NP_191236.1_28439;NP_191236.1_28439_1
83	lcl|NC_003074.8_cds_NP_191532.1_28996;lcl|NC_003074.8_cds_NP_191532.1_28996_1;lcl|NC_003074.8_cds_NP_001326643.1_28997;lcl|NC_003074.8_cds_NP_001326643.1_28997_1;lcl|NC_003074.8_cds_NP_191533.1_28998;lcl|NC_003074.8_cds_NP_191533.1_28998_1;lcl|NC_003074.8_cds_NP_191534.1_28999;lcl|NC_003074.8_cds_NP_191534.1_28999_1	NP_191532.1_28996;NP_191532.1_28996_1;NP_001326643.1_28997;NP_001326643.1_28997_1;NP_191533.1_28998;NP_191533.1_28998_1;NP_191534.1_28999;NP_191534.1_28999_1
84	lcl|NC_003074.8_cds_NP_191649.1_29217;lcl|NC_003074.8_cds_NP_191649.1_29217_1;lcl|NC_003074.8_cds_NP_191650.2_29218;lcl|NC_003074.8_cds_NP_191650.2_29218_1;lcl|NC_003074.8_cds_NP_001326988.1_29219;lcl|NC_003074.8_cds_NP_001326988.1_29219_1	NP_191649.1_29217;NP_191649.1_29217_1;NP_191650.2_29218;NP_191650.2_29218_1;NP_001326988.1_29219;NP_001326988.1_29219_1
85	lcl|NC_003075.7_cds_NP_001031562.1_29733;lcl|NC_003075.7_cds_NP_001031562.1_29733_1;lcl|NC_003075.7_cds_NP_191914.1_29734;lcl|NC_003075.7_cds_NP_191914.1_29734_1;lcl|NC_003075.7_cds_NP_191915.1_29735;lcl|NC_003075.7_cds_NP_191915.1_29735_1	NP_001031562.1_29733;NP_001031562.1_29733_1;NP_191914.1_29734;NP_191914.1_29734_1;NP_191915.1_29735;NP_191915.1_29735_1
86	lcl|NC_003075.7_cds_NP_192046.1_30009;lcl|NC_003075.7_cds_NP_192046.1_30009_1;lcl|NC_003075.7_cds_NP_192047.1_30010;lcl|NC_003075.7_cds_NP_192047.1_30010_1;lcl|NC_003075.7_cds_NP_192048.2_30011;lcl|NC_003075.7_cds_NP_192048.2_30011_1	NP_192046.1_30009;NP_192046.1_30009_1;NP_192047.1_30010;NP_192047.1_30010_1;NP_192048.2_30011;NP_192048.2_30011_1
87	lcl|NC_003075.7_cds_NP_001319869.1_30592;lcl|NC_003075.7_cds_NP_001319869.1_30592_1;lcl|NC_003075.7_cds_NP_001328170.1_30593;lcl|NC_003075.7_cds_NP_001328170.1_30593_1;lcl|NC_003075.7_cds_NP_001328171.1_30594;lcl|NC_003075.7_cds_NP_001328171.1_30594_1;lcl|NC_003075.7_cds_NP_192386.1_30595;lcl|NC_003075.7_cds_NP_192386.1_30595_1	NP_001319869.1_30592;NP_001319869.1_30592_1;NP_001328170.1_30593;NP_001328170.1_30593_1;NP_001328171.1_30594;NP_001328171.1_30594_1;NP_192386.1_30595;NP_192386.1_30595_1
88	lcl|NC_003075.7_cds_NP_001329233.1_30876;lcl|NC_003075.7_cds_NP_001329233.1_30876_1;lcl|NC_003075.7_cds_NP_192587.1_30877;lcl|NC_003075.7_cds_NP_192587.1_30877_1;lcl|NC_003075.7_cds_NP_001329232.1_30878;lcl|NC_003075.7_cds_NP_001329232.1_30878_1	NP_001329233.1_30876;NP_001329233.1_30876_1;NP_192587.1_30877;NP_192587.1_30877_1;NP_001329232.1_30878;NP_001329232.1_30878_1
89	lcl|NC_003075.7_cds_NP_567340.1_30921;lcl|NC_003075.7_cds_NP_567340.1_30921_1;lcl|NC_003075.7_cds_NP_192620.1_30922;lcl|NC_003075.7_cds_NP_192620.1_30922_1;lcl|NC_003075.7_cds_NP_192621.1_30923;lcl|NC_003075.7_cds_NP_192621.1_30923_1;lcl|NC_003075.7_cds_NP_192624.2_30924;lcl|NC_003075.7_cds_NP_192624.2_30924_1	NP_567340.1_30921;NP_567340.1_30921_1;NP_192620.1_30922;NP_192620.1_30922_1;NP_192621.1_30923;NP_192621.1_30923_1;NP_192624.2_30924;NP_192624.2_30924_1
90	lcl|NC_003075.7_cds_NP_192839.1_31285;lcl|NC_003075.7_cds_NP_192839.1_31285_1;lcl|NC_003075.7_cds_NP_192841.1_31287;lcl|NC_003075.7_cds_NP_192841.1_31287_1;lcl|NC_003075.7_cds_NP_192842.1_31288;lcl|NC_003075.7_cds_NP_192842.1_31288_1	NP_192839.1_31285;NP_192839.1_31285_1;NP_192841.1_31287;NP_192841.1_31287_1;NP_192842.1_31288;NP_192842.1_31288_1
91	lcl|NC_003075.7_cds_NP_192962.1_31499;lcl|NC_003075.7_cds_NP_192962.1_31499_1;lcl|NC_003075.7_cds_NP_192964.1_31500;lcl|NC_003075.7_cds_NP_192964.1_31500_1;lcl|NC_003075.7_cds_NP_192965.1_31501;lcl|NC_003075.7_cds_NP_192965.1_31501_1	NP_192962.1_31499;NP_192962.1_31499_1;NP_192964.1_31500;NP_192964.1_31500_1;NP_192965.1_31501;NP_192965.1_31501_1
92	lcl|NC_003075.7_cds_NP_193017.1_31610;lcl|NC_003075.7_cds_NP_193017.1_31610_1;lcl|NC_003075.7_cds_NP_193018.1_31611;lcl|NC_003075.7_cds_NP_193018.1_31611_1;lcl|NC_003075.7_cds_NP_567394.1_31613;lcl|NC_003075.7_cds_NP_567394.1_31613_1	NP_193017.1_31610;NP_193017.1_31610_1;NP_193018.1_31611;NP_193018.1_31611_1;NP_567394.1_31613;NP_567394.1_31613_1
93	lcl|NC_003075.7_cds_NP_193062.1_31712;lcl|NC_003075.7_cds_NP_193062.1_31712_1;lcl|NC_003075.7_cds_NP_001328363.1_31713;lcl|NC_003075.7_cds_NP_001328363.1_31713_1;lcl|NC_003075.7_cds_NP_001328364.1_31714;lcl|NC_003075.7_cds_NP_001328364.1_31714_1	NP_193062.1_31712;NP_193062.1_31712_1;NP_001328363.1_31713;NP_001328363.1_31713_1;NP_001328364.1_31714;NP_001328364.1_31714_1
94	lcl|NC_003075.7_cds_NP_193077.2_31748;lcl|NC_003075.7_cds_NP_193077.2_31748_1;lcl|NC_003075.7_cds_NP_001329704.1_31749;lcl|NC_003075.7_cds_NP_001329704.1_31749_1;lcl|NC_003075.7_cds_NP_001329703.1_31750;lcl|NC_003075.7_cds_NP_001329703.1_31750_1	NP_193077.2_31748;NP_193077.2_31748_1;NP_001329704.1_31749;NP_001329704.1_31749_1;NP_001329703.1_31750;NP_001329703.1_31750_1
95	lcl|NC_003075.7_cds_NP_567508.1_32471;lcl|NC_003075.7_cds_NP_567508.1_32471_1;lcl|NC_003075.7_cds_NP_193391.3_32472;lcl|NC_003075.7_cds_NP_193391.3_32472_1;lcl|NC_003075.7_cds_NP_001319964.1_32473;lcl|NC_003075.7_cds_NP_001319964.1_32473_1;lcl|NC_003075.7_cds_NP_193393.4_32474;lcl|NC_003075.7_cds_NP_193393.4_32474_1	NP_567508.1_32471;NP_567508.1_32471_1;NP_193391.3_32472;NP_193391.3_32472_1;NP_001319964.1_32473;NP_001319964.1_32473_1;NP_193393.4_32474;NP_193393.4_32474_1
96	lcl|NC_003075.7_cds_NP_193413.2_32524;lcl|NC_003075.7_cds_NP_193413.2_32524_1;lcl|NC_003075.7_cds_NP_193414.2_32526;lcl|NC_003075.7_cds_NP_193414.2_32526_1;lcl|NC_003075.7_cds_NP_567515.1_32527;lcl|NC_003075.7_cds_NP_567515.1_32527_1	NP_193413.2_32524;NP_193413.2_32524_1;NP_193414.2_32526;NP_193414.2_32526_1;NP_567515.1_32527;NP_567515.1_32527_1
97	lcl|NC_003075.7_cds_NP_567588.1_33073;lcl|NC_003075.7_cds_NP_567588.1_33073_1;lcl|NC_003075.7_cds_NP_001328199.1_33074;lcl|NC_003075.7_cds_NP_001328199.1_33074_1;lcl|NC_003075.7_cds_NP_567589.1_33075;lcl|NC_003075.7_cds_NP_567589.1_33075_3	NP_567588.1_33073;NP_567588.1_33073_1;NP_001328199.1_33074;NP_001328199.1_33074_1;NP_567589.1_33075;NP_567589.1_33075_3
98	lcl|NC_003075.7_cds_NP_193889.1_33501;lcl|NC_003075.7_cds_NP_193889.1_33501_1;lcl|NC_003075.7_cds_NP_001078419.1_33502;lcl|NC_003075.7_cds_NP_001078419.1_33502_1;lcl|NC_003075.7_cds_NP_001031691.1_33503;lcl|NC_003075.7_cds_NP_001031691.1_33503_1	NP_193889.1_33501;NP_193889.1_33501_1;NP_001078419.1_33502;NP_001078419.1_33502_1;NP_001031691.1_33503;NP_001031691.1_33503_1
99	lcl|NC_003075.7_cds_NP_567665.2_33716;lcl|NC_003075.7_cds_NP_567665.2_33716_1;lcl|NC_003075.7_cds_NP_194001.1_33717;lcl|NC_003075.7_cds_NP_194001.1_33717_1;lcl|NC_003075.7_cds_NP_194002.1_33718;lcl|NC_003075.7_cds_NP_194002.1_33718_1	NP_567665.2_33716;NP_567665.2_33716_1;NP_194001.1_33717;NP_194001.1_33717_1;NP_194002.1_33718;NP_194002.1_33718_1
100	lcl|NC_003075.7_cds_NP_194112.1_33942;lcl|NC_003075.7_cds_NP_194112.1_33942_1;lcl|NC_003075.7_cds_NP_194113.1_33943;lcl|NC_003075.7_cds_NP_194113.1_33943_1;lcl|NC_003075.7_cds_NP_194115.3_33944;lcl|NC_003075.7_cds_NP_194115.3_33944_1;lcl|NC_003075.7_cds_NP_194116.1_33945;lcl|NC_003075.7_cds_NP_194116.1_33945_1	NP_194112.1_33942;NP_194112.1_33942_1;NP_194113.1_33943;NP_194113.1_33943_1;NP_194115.3_33944;NP_194115.3_33944_1;NP_194116.1_33945;NP_194116.1_33945_1
101	lcl|NC_003075.7_cds_NP_194130.3_33973;lcl|NC_003075.7_cds_NP_194130.3_33973_2;lcl|NC_003075.7_cds_NP_001329694.1_33974;lcl|NC_003075.7_cds_NP_001329694.1_33974_1;lcl|NC_003075.7_cds_NP_567692.2_33975;lcl|NC_003075.7_cds_NP_567692.2_33975_2;lcl|NC_003075.7_cds_NP_001328486.1_33976;lcl|NC_003075.7_cds_NP_001328486.1_33976_1;lcl|NC_003075.7_cds_NP_194132.3_33977;lcl|NC_003075.7_cds_NP_194132.3_33977_2	NP_194130.3_33973;NP_194130.3_33973_2;NP_001329694.1_33974;NP_001329694.1_33974_1;NP_567692.2_33975;NP_567692.2_33975_2;NP_001328486.1_33976;NP_001328486.1_33976_1;NP_194132.3_33977;NP_194132.3_33977_2
102	lcl|NC_003075.7_cds_NP_194667.1_35067;lcl|NC_003075.7_cds_NP_194667.1_35067_1;lcl|NC_003075.7_cds_NP_001329182.1_35068;lcl|NC_003075.7_cds_NP_001329182.1_35068_1;lcl|NC_003075.7_cds_NP_194669.2_35070;lcl|NC_003075.7_cds_NP_194669.2_35070_1	NP_194667.1_35067;NP_194667.1_35067_1;NP_001329182.1_35068;NP_001329182.1_35068_1;NP_194669.2_35070;NP_194669.2_35070_1
103	lcl|NC_003075.7_cds_NP_194824.1_35354;lcl|NC_003075.7_cds_NP_194824.1_35354_1;lcl|NC_003075.7_cds_NP_194825.1_35355;lcl|NC_003075.7_cds_NP_194825.1_35355_1;lcl|NC_003075.7_cds_NP_194827.3_35357;lcl|NC_003075.7_cds_NP_194827.3_35357_1	NP_194824.1_35354;NP_194824.1_35354_1;NP_194825.1_35355;NP_194825.1_35355_1;NP_194827.3_35357;NP_194827.3_35357_1
104	lcl|NC_003075.7_cds_NP_195151.1_36056;lcl|NC_003075.7_cds_NP_195151.1_36056_1;lcl|NC_003075.7_cds_NP_195152.2_36057;lcl|NC_003075.7_cds_NP_195152.2_36057_1;lcl|NC_003075.7_cds_NP_195153.2_36064;lcl|NC_003075.7_cds_NP_195153.2_36064_1	NP_195151.1_36056;NP_195151.1_36056_1;NP_195152.2_36057;NP_195152.2_36057_1;NP_195153.2_36064;NP_195153.2_36064_1
105	lcl|NC_003075.7_cds_NP_195458.1_36657;lcl|NC_003075.7_cds_NP_195458.1_36657_1;lcl|NC_003075.7_cds_NP_195459.1_36658;lcl|NC_003075.7_cds_NP_195459.1_36658_2;lcl|NC_003075.7_cds_NP_001328728.1_36659;lcl|NC_003075.7_cds_NP_001328728.1_36659_1	NP_195458.1_36657;NP_195458.1_36657_1;NP_195459.1_36658;NP_195459.1_36658_2;NP_001328728.1_36659;NP_001328728.1_36659_1
106	lcl|NC_003075.7_cds_NP_195640.1_37010;lcl|NC_003075.7_cds_NP_195640.1_37010_1;lcl|NC_003075.7_cds_NP_195643.1_37014;lcl|NC_003075.7_cds_NP_195643.1_37014_1;lcl|NC_003075.7_cds_NP_001031812.1_37015;lcl|NC_003075.7_cds_NP_001031812.1_37015_1	NP_195640.1_37010;NP_195640.1_37010_1;NP_195643.1_37014;NP_195643.1_37014_1;NP_001031812.1_37015;NP_001031812.1_37015_1
107	lcl|NC_003076.8_cds_NP_001331515.1_37169;lcl|NC_003076.8_cds_NP_001331515.1_37169_1;lcl|NC_003076.8_cds_NP_001154689.1_37170;lcl|NC_003076.8_cds_NP_001154689.1_37170_1;lcl|NC_003076.8_cds_NP_195729.1_37173;lcl|NC_003076.8_cds_NP_195729.1_37173_1;lcl|NC_003076.8_cds_NP_195730.1_37174;lcl|NC_003076.8_cds_NP_195730.1_37174_1	NP_001331515.1_37169;NP_001331515.1_37169_1;NP_001154689.1_37170;NP_001154689.1_37170_1;NP_195729.1_37173;NP_195729.1_37173_1;NP_195730.1_37174;NP_195730.1_37174_1
108	lcl|NC_003076.8_cds_NP_195917.1_37512;lcl|NC_003076.8_cds_NP_195917.1_37512_1;lcl|NC_003076.8_cds_NP_195918.1_37513;lcl|NC_003076.8_cds_NP_195918.1_37513_1;lcl|NC_003076.8_cds_NP_001332537.1_37515;lcl|NC_003076.8_cds_NP_001332537.1_37515_1;lcl|NC_003076.8_cds_NP_195920.1_37516;lcl|NC_003076.8_cds_NP_195920.1_37516_1;lcl|NC_003076.8_cds_NP_195921.2_37517;lcl|NC_003076.8_cds_NP_195921.2_37517_1;lcl|NC_003076.8_cds_NP_195922.1_37518;lcl|NC_003076.8_cds_NP_195922.1_37518_1	NP_195917.1_37512;NP_195917.1_37512_1;NP_195918.1_37513;NP_195918.1_37513_1;NP_001332537.1_37515;NP_001332537.1_37515_1;NP_195920.1_37516;NP_195920.1_37516_1;NP_195921.2_37517;NP_195921.2_37517_1;NP_195922.1_37518;NP_195922.1_37518_1
109	lcl|NC_003076.8_cds_NP_196083.1_37826;lcl|NC_003076.8_cds_NP_196083.1_37826_1;lcl|NC_003076.8_cds_NP_196084.1_37827;lcl|NC_003076.8_cds_NP_196084.1_37827_1;lcl|NC_003076.8_cds_NP_196086.1_37828;lcl|NC_003076.8_cds_NP_196086.1_37828_2	NP_196083.1_37826;NP_196083.1_37826_1;NP_196084.1_37827;NP_196084.1_37827_1;NP_196086.1_37828;NP_196086.1_37828_2
110	lcl|NC_003076.8_cds_NP_196833.2_39363;lcl|NC_003076.8_cds_NP_196833.2_39363_1;lcl|NC_003076.8_cds_NP_850812.2_39364;lcl|NC_003076.8_cds_NP_850812.2_39364_1;lcl|NC_003076.8_cds_NP_001078577.1_39365;lcl|NC_003076.8_cds_NP_001078577.1_39365_2	NP_196833.2_39363;NP_196833.2_39363_1;NP_850812.2_39364;NP_850812.2_39364_1;NP_001078577.1_39365;NP_001078577.1_39365_2
111	lcl|NC_003076.8_cds_NP_680199.1_40877;lcl|NC_003076.8_cds_NP_680199.1_40877_1;lcl|NC_003076.8_cds_NP_001190361.1_40878;lcl|NC_003076.8_cds_NP_001190361.1_40878_1;lcl|NC_003076.8_cds_NP_001332623.1_40879;lcl|NC_003076.8_cds_NP_001332623.1_40879_1	NP_680199.1_40877;NP_680199.1_40877_1;NP_001190361.1_40878;NP_001190361.1_40878_1;NP_001332623.1_40879;NP_001332623.1_40879_1
112	lcl|NC_003076.8_cds_NP_001318642.1_41456;lcl|NC_003076.8_cds_NP_001318642.1_41456_1;lcl|NC_003076.8_cds_NP_001331108.1_41457;lcl|NC_003076.8_cds_NP_001331108.1_41457_1;lcl|NC_003076.8_cds_NP_197887.1_41458;lcl|NC_003076.8_cds_NP_197887.1_41458_1	NP_001318642.1_41456;NP_001318642.1_41456_1;NP_001331108.1_41457;NP_001331108.1_41457_1;NP_197887.1_41458;NP_197887.1_41458_1
113	lcl|NC_003076.8_cds_NP_198003.1_41664;lcl|NC_003076.8_cds_NP_198003.1_41664_1;lcl|NC_003076.8_cds_NP_198004.1_41665;lcl|NC_003076.8_cds_NP_198004.1_41665_1;lcl|NC_003076.8_cds_NP_198005.1_41666;lcl|NC_003076.8_cds_NP_198005.1_41666_1;lcl|NC_003076.8_cds_NP_198006.1_41667;lcl|NC_003076.8_cds_NP_198006.1_41667_1	NP_198003.1_41664;NP_198003.1_41664_1;NP_198004.1_41665;NP_198004.1_41665_1;NP_198005.1_41666;NP_198005.1_41666_1;NP_198006.1_41667;NP_198006.1_41667_1
114	lcl|NC_003076.8_cds_NP_198103.1_41847;lcl|NC_003076.8_cds_NP_198103.1_41847_1;lcl|NC_003076.8_cds_NP_198104.1_41848;lcl|NC_003076.8_cds_NP_198104.1_41848_1;lcl|NC_003076.8_cds_NP_198105.2_41849;lcl|NC_003076.8_cds_NP_198105.2_41849_1	NP_198103.1_41847;NP_198103.1_41847_1;NP_198104.1_41848;NP_198104.1_41848_1;NP_198105.2_41849;NP_198105.2_41849_1
115	lcl|NC_003076.8_cds_NP_198613.2_42577;lcl|NC_003076.8_cds_NP_198613.2_42577_1;lcl|NC_003076.8_cds_NP_198614.1_42578;lcl|NC_003076.8_cds_NP_198614.1_42578_1;lcl|NC_003076.8_cds_NP_198615.3_42579;lcl|NC_003076.8_cds_NP_198615.3_42579_1	NP_198613.2_42577;NP_198613.2_42577_1;NP_198614.1_42578;NP_198614.1_42578_1;NP_198615.3_42579;NP_198615.3_42579_1
116	lcl|NC_003076.8_cds_NP_568564.1_42815;lcl|NC_003076.8_cds_NP_568564.1_42815_1;lcl|NC_003076.8_cds_NP_198758.2_42816;lcl|NC_003076.8_cds_NP_198758.2_42816_1;lcl|NC_003076.8_cds_NP_198759.1_42817;lcl|NC_003076.8_cds_NP_198759.1_42817_1	NP_568564.1_42815;NP_568564.1_42815_1;NP_198758.2_42816;NP_198758.2_42816_1;NP_198759.1_42817;NP_198759.1_42817_1
117	lcl|NC_003076.8_cds_NP_199002.1_43241;lcl|NC_003076.8_cds_NP_199002.1_43241_1;lcl|NC_003076.8_cds_NP_199003.5_43242;lcl|NC_003076.8_cds_NP_199003.5_43242_1;lcl|NC_003076.8_cds_NP_199004.2_43243;lcl|NC_003076.8_cds_NP_199004.2_43243_1	NP_199002.1_43241;NP_199002.1_43241_1;NP_199003.5_43242;NP_199003.5_43242_1;NP_199004.2_43243;NP_199004.2_43243_1
118	lcl|NC_003076.8_cds_NP_199416.1_44043;lcl|NC_003076.8_cds_NP_199416.1_44043_1;lcl|NC_003076.8_cds_NP_199417.1_44044;lcl|NC_003076.8_cds_NP_199417.1_44044_1;lcl|NC_003076.8_cds_NP_001331060.1_44045;lcl|NC_003076.8_cds_NP_001331060.1_44045_1	NP_199416.1_44043;NP_199416.1_44043_1;NP_199417.1_44044;NP_199417.1_44044_1;NP_001331060.1_44045;NP_001331060.1_44045_1
119	lcl|NC_003076.8_cds_NP_568720.4_44812;lcl|NC_003076.8_cds_NP_568720.4_44812_1;lcl|NC_003076.8_cds_NP_001332502.1_44813;lcl|NC_003076.8_cds_NP_001332502.1_44813_1;lcl|NC_003076.8_cds_NP_680411.1_44814;lcl|NC_003076.8_cds_NP_680411.1_44814_1;lcl|NC_003076.8_cds_NP_199823.1_44815;lcl|NC_003076.8_cds_NP_199823.1_44815_1	NP_568720.4_44812;NP_568720.4_44812_1;NP_001332502.1_44813;NP_001332502.1_44813_1;NP_680411.1_44814;NP_680411.1_44814_1;NP_199823.1_44815;NP_199823.1_44815_1
120	lcl|NC_003076.8_cds_NP_200051.1_45227;lcl|NC_003076.8_cds_NP_200051.1_45227_1;lcl|NC_003076.8_cds_NP_200052.1_45228;lcl|NC_003076.8_cds_NP_200052.1_45228_1;lcl|NC_003076.8_cds_NP_200053.2_45229;lcl|NC_003076.8_cds_NP_200053.2_45229_1	NP_200051.1_45227;NP_200051.1_45227_1;NP_200052.1_45228;NP_200052.1_45228_1;NP_200053.2_45229;NP_200053.2_45229_1
121	lcl|NC_003076.8_cds_NP_200709.2_46447;lcl|NC_003076.8_cds_NP_200709.2_46447_1;lcl|NC_003076.8_cds_NP_001078767.1_46448;lcl|NC_003076.8_cds_NP_001078767.1_46448_1;lcl|NC_003076.8_cds_NP_200710.1_46449;lcl|NC_003076.8_cds_NP_200710.1_46449_1	NP_200709.2_46447;NP_200709.2_46447_1;NP_001078767.1_46448;NP_001078767.1_46448_1;NP_200710.1_46449;NP_200710.1_46449_1
122	lcl|NC_003076.8_cds_NP_201026.1_47090;lcl|NC_003076.8_cds_NP_201026.1_47090_1;lcl|NC_003076.8_cds_NP_201027.1_47091;lcl|NC_003076.8_cds_NP_201027.1_47091_1;lcl|NC_003076.8_cds_NP_201028.1_47092;lcl|NC_003076.8_cds_NP_201028.1_47092_1	NP_201026.1_47090;NP_201026.1_47090_1;NP_201027.1_47091;NP_201027.1_47091_1;NP_201028.1_47092;NP_201028.1_47092_1
123	lcl|NC_003076.8_cds_NP_201355.1_47712;lcl|NC_003076.8_cds_NP_201355.1_47712_1;lcl|NC_003076.8_cds_NP_201356.2_47713;lcl|NC_003076.8_cds_NP_201356.2_47713_1;lcl|NC_003076.8_cds_NP_201357.2_47714;lcl|NC_003076.8_cds_NP_201357.2_47714_1;lcl|NC_003076.8_cds_NP_201358.1_47715;lcl|NC_003076.8_cds_NP_201358.1_47715_1	NP_201355.1_47712;NP_201355.1_47712_1;NP_201356.2_47713;NP_201356.2_47713_1;NP_201357.2_47714;NP_201357.2_47714_1;NP_201358.1_47715;NP_201358.1_47715_1
124	lcl|NC_003076.8_cds_NP_201538.1_48095;lcl|NC_003076.8_cds_NP_201538.1_48095_1;lcl|NC_003076.8_cds_NP_001032165.1_48096;lcl|NC_003076.8_cds_NP_001032165.1_48096_1;lcl|NC_003076.8_cds_NP_201539.2_48097;lcl|NC_003076.8_cds_NP_201539.2_48097_1	NP_201538.1_48095;NP_201538.1_48095_1;NP_001032165.1_48096;NP_001032165.1_48096_1;NP_201539.2_48097;NP_201539.2_48097_1
125	lcl|NC_000932.1_cds_NP_051068.1_48211;lcl|NC_000932.1_cds_NP_051068.1_48211_1;lcl|NC_000932.1_cds_NP_051070.1_48213;lcl|NC_000932.1_cds_NP_051070.1_48213_1;lcl|NC_000932.1_cds_NP_051071.1_48214;lcl|NC_000932.1_cds_NP_051071.1_48214_1	NP_051068.1_48211;NP_051068.1_48211_1;NP_051070.1_48213;NP_051070.1_48213_1;NP_051071.1_48214;NP_051071.1_48214_1