potentialBGC	Gene cluster type	nucl_start	nucl_end	size	core_domains	product	sequence_id	Gene cluster genes	Gene cluster gene accessions	Compound with gene cluster of highest homology	Best_Match_BGC	Similarity
1	Putative	731653	819933	88280	"Acetyltransf_1, Aminotran_1_2, SE"	-	NC_027748.1	LOC106298117;LOC106292450;LOC106314195;LOC106325217;LOC106327972;LOC106343479;LOC106336511;LOC106313218;LOC106313228;LOC106320512;LOC106326341;LOC10632_7;LOC106296012	XP_013589662.1;XP_013583494.1;XP_013607571.1;XP_013618705.1;XP_013621763.1;XP_013638165.1;XP_013630832.1;XP_013606432.1;XP_013606443.1;XP_013614372.1;XP_013619798.1;XP_013619804.1;XP_013587508.1		1	0
2	Fatty_acid-Alkaloid	8364473	8502206	137730	"BBE, Epimerase, FAD_binding_4, FA_hydroxylase, Methyltransf_11, adh_short"	-	NC_027748.1	LOC106308303;LOC10630_161;LOC106330618;LOC106330625;LOC106309799;LOC106310675;LOC106310684;LOC106310666;LOC106330641;LOC106308278;LOC106341278;LOC106307134;LOC106326358;LOC106341495;LOC10634_24;LOC106325310;LOC106306087;LOC106306076;LOC106295193;LOC10629_45;LOC10629_46;LOC106295343	XP_013600913.1;XP_013600919.1;XP_013624513.1;XP_013624520.1;XP_013602421.1;XP_013603359.1;XP_013603370.1;XP_013603351.1;XP_013624535.1;XP_013600886.1;XP_013635538.1;XP_013599461.1;XP_013619811.1;XP_013635713.1;XP_013635719.1;XP_013618808.1;XP_013598013.1;XP_013598001.1;XP_013586520.1;XP_013586596.1;XP_013586782.1;XP_013586709.1		1	0
3	Lignan-Alkaloid	10960045	11052513	92470	"Bet_v_1, Dirigent, UbiA"	-	NC_027748.1	LOC106312069;LOC106312058;LOC106326489;LOC106299342;LOC106327705;LOC106293486;LOC106343315;LOC106293644;LOC106303789	XP_013604903.1;XP_013604891.1;XP_013619915.1;XP_013590907.1;XP_013621396.1;XP_013584621.1;XP_013637949.1;XP_013584770.1;XP_013595568.1		1	0
4	Saccharide	16847481	16938805	91320	"Transferase, UDPGT_2"	-	NC_027748.1	LOC106311930;LOC106292240;LOC106311042;LOC106296132;LOC106333382;LOC106324155	XP_013604766.1;XP_013583302.1;XP_013603729.1;XP_013587661.1;XP_013627293.1;XP_013617629.1		1	0
5	Lignan	39015751	39231460	215710	"2OG-FeII_Oxy, Amino_oxidase, DIOX_N, Dirigent, ECH_2, p450"	-	NC_027748.1	LOC106298724;LOC106317551;LOC10631_321;LOC106324088;LOC106317569;LOC106300652;LOC106317580;LOC106292356;LOC106300278;LOC10630_293;LOC106299452;LOC106339818;LOC106293280;LOC10629_123;LOC106339829;LOC106326584;LOC10632_173;LOC10632_174;LOC106293730;LOC106339848;LOC106328416;LOC106294693;LOC106302833;LOC106302223;LOC106317623;LOC10631_322;LOC10631_323	XP_013590325.1;XP_013610807.1;XP_013610812.1;XP_013617564.1;XP_013610820.1;XP_013592304.1;XP_013610829.1;XP_013583404.1;XP_013591851.1;XP_013591843.1;XP_013591005.1;XP_013634149.1;XP_013584391.1;XP_013584399.1;XP_013634156.1;XP_013619976.1;XP_013619979.1;XP_013619985.1;XP_013584842.1;XP_013634175.1;XP_013622309.1;XP_013585768.1;XP_013594717.1;XP_013594209.1;XP_013610864.1;XP_013610879.1;XP_013610868.1		1	0
6	Fatty_acid	1177676	1225887	48210	"2OG-FeII_Oxy, DIOX_N, FA_desaturase, p450"	-	NC_027749.1	LOC106327052;LOC106327053;LOC106327054;LOC106324723;LOC106322573	XP_013620517.1;XP_013620518.1;XP_013620519.1;XP_013618149.1;XP_013616087.1		1	0
7	Saccharide	4122920	4172531	49610	"ADH_N_2, ADH_zinc_N, Cellulose_synt, UDPGT_2"	flavonoid	NC_027749.1	LOC106326903;LOC106327784;LOC106326123;LOC106320545;LOC106320551;LOC106327905;LOC10632_441;LOC106327033;LOC106327034;LOC10632_442;LOC10632_443;LOC106322625	XP_013620310.1;XP_013621488.1;XP_013619599.1;XP_013614385.1;XP_013614393.1;XP_013621669.1;XP_013621670.1;XP_013620485.1;XP_013620486.1;XP_013616158.1;XP_013616159.1;XP_013616156.1		1	0
8	Saccharide	11663392	11739594	76200	"Aminotran_1_2, Peptidase_S10, UDPGT_2"	*saccharide-2	NC_027749.1	LOC106323452;LOC106325865;LOC10632_660;LOC106322786;LOC106322787;LOC106327274;LOC106327275;LOC106326627;LOC106326628;LOC106323455;LOC106326505;LOC106327911	XP_013617027.1;XP_013619372.1;XP_013616376.1;XP_013616375.1;XP_013616377.1;XP_013620844.1;XP_013620845.1;XP_013620007.1;XP_013620008.1;XP_013617030.1;XP_013619929.1;XP_013621677.1		39	33.33333333
9	Saccharide	25718654	25823922	105270	"Methyltransf_11, UDPGT_2"	"cyanogenic glucoside, monoterpenoid"	NC_027749.1	LOC106326784;LOC106326788;LOC106326782;LOC106326783;LOC106326787;LOC106326781;LOC106323845;LOC106323846;LOC106326707;LOC106327340;LOC106327791;LOC106325917	XP_013620157.1;XP_013620160.1;XP_013620155.1;XP_013620156.1;XP_013620159.1;XP_013620154.1;XP_013617357.1;XP_013617358.1;XP_013620074.1;XP_013620921.1;XP_013621495.1;XP_013619420.1		47	33.33333333
10	Fatty_acid-Alkaloid	31177856	31446785	268930	"Cu_amine_oxid, Epimerase, FA_hydroxylase, p450"	-	NC_027749.1	LOC106327727;LOC10632_991;LOC106327224;LOC106326433;LOC106321764;LOC106322911;LOC10632_992;LOC106324006;LOC106326927;LOC106324007;LOC106324008	XP_013621414.1;XP_013621415.1;XP_013620769.1;XP_013619868.1;XP_013615460.1;XP_013616520.1;XP_013616519.1;XP_013617489.1;XP_013620349.1;XP_013617490.1;XP_013617491.1		1	0
11	Putative	50412543	50499840	87300	"Epimerase, HMGL-like, Peptidase_S10, p450"	-	NC_027749.1	LOC106324646;LOC10632_1305;LOC10632_1306;LOC10632_1307;LOC106324643;LOC106324648;LOC106324639;LOC106324636;LOC106324645;LOC10632_1309;LOC106324634;LOC10632_1308;LOC10632_1310;LOC106324650;LOC106324642;LOC106324531;LOC106324649;LOC10632_1311;LOC10632_1312;LOC106324637;LOC106320151	XP_013618051.1;XP_013618047.1;XP_013618048.1;XP_013618049.1;XP_013618046.1;XP_013618054.1;XP_013618042.1;XP_013618039.1;XP_013618050.1;XP_013618038.1;XP_013618036.1;XP_013618035.1;XP_013618037.1;XP_013618058.1;XP_013618045.1;XP_013617940.1;XP_013618057.1;XP_013618056.1;XP_013618055.1;XP_013618041.1;XP_013613975.1		1	0
12	Saccharide-Alkaloid	1088658	1140958	52300	"Bet_v_1, Cellulose_synt, p450"	-	NC_027750.1	LOC106329610;LOC106333846;LOC106334784;LOC10633_69;LOC10633_70;LOC106328380;LOC106334683;LOC106334684;LOC106334685;LOC106332342;LOC10633_71;LOC106331651	XP_013623753.1;XP_013627692.1;XP_013628598.1;XP_013628599.1;XP_013628600.1;XP_013622269.1;XP_013628465.1;XP_013628466.1;XP_013628467.1;XP_013626264.1;XP_013626265.1;XP_013625499.1		1	0
13	Phenolamide-Saccharide-Alkaloid	4211321	4304828	93510	"Cellulose_synt, Pyridoxal_deC, Transferase"	-	NC_027750.1	LOC106335267;LOC106333430;LOC106329129;LOC106328764;LOC106328763;LOC106335014;LOC106335011;LOC10633_183;LOC106328018	XP_013629199.1;XP_013627326.1;XP_013623179.1;XP_013622727.1;XP_013622726.1;XP_013628881.1;XP_013628880.1;XP_013628879.1;XP_013621820.1		1	0
14	Putative	6602239	6633128	30890	"Methyltransf_11, p450"	-	NC_027750.1	LOC106335172;LOC10633_275;LOC106335176;LOC10633_276;LOC106331910;LOC10633_277;LOC106328648;LOC106333271;LOC106329753;LOC106332501	XP_013629069.1;XP_013629070.1;XP_013629074.1;XP_013629076.1;XP_013625799.1;XP_013625800.1;XP_013622584.1;XP_013627194.1;XP_013623853.1;XP_013626420.1		73	40
15	Saccharide	7665845	7772871	107030	"Dimerisation, Methyltransf_2, UDPGT_2, p450"	*saccharide-4	NC_027750.1	LOC106335995;LOC106329354;LOC106329355;LOC106336119;LOC106331868;LOC106331867;LOC106329790;LOC106331950;LOC106336399;LOC106329792;LOC106333603;LOC106329793;LOC106333961;LOC106332646;LOC106334168;LOC106333731	XP_013630153.1;XP_013623452.1;XP_013623453.1;XP_013630300.1;XP_013625753.1;XP_013625752.1;XP_013623882.1;XP_013625847.1;XP_013630681.1;XP_013623883.1;XP_013627486.1;XP_013623884.1;XP_013627796.1;XP_013626580.1;XP_013627949.1;XP_013627605.1		1	0
16	Alkaloid	13360458	13445946	85490	"Bet_v_1, Methyltransf_11, Transferase"	-	NC_027750.1	LOC106329918;LOC106331594;LOC106329920;LOC106328415;LOC106333535;LOC106329437;LOC106329922	XP_013623972.1;XP_013625438.1;XP_013623973.1;XP_013622305.1;XP_013627424.1;XP_013623546.1;XP_013623974.1		79	42.85714286
17	Terpene-Sesterterpene	25815134	25975778	160640	"Terpene_synth, Terpene_synth_C, p450, polyprenyl_synt"	-	NC_027750.1	LOC106332330;LOC106333737;LOC106333759;LOC106333877;LOC106328677;LOC106330239;LOC106328676;LOC106330240;LOC106333107;LOC106334978;LOC106334977;LOC106334975;LOC106334974;LOC10633_784;LOC106329052;LOC10632_1675;LOC106335476	XP_013626252.1;XP_013627608.1;XP_013627625.1;XP_013627720.1;XP_013622621.1;XP_013624198.1;XP_013622620.1;XP_013624199.1;XP_013627042.1;XP_013628846.1;XP_013628845.1;XP_013628844.1;XP_013628842.1;XP_013628843.1;XP_013623080.1;XP_013623081.1;XP_013629461.1		92	35.29411765
18	Putative	36848365	36960063	111700	"2OG-FeII_Oxy, ADH_N, ADH_zinc_N, Aminotran_3, DIOX_N, Transferase"	-	NC_027750.1	LOC106331574;LOC106328605;LOC106328603;LOC106328022;LOC106332816;LOC106328324;LOC106335952;LOC106332210;LOC106328681	XP_013625413.1;XP_013622535.1;XP_013622532.1;XP_013621826.1;XP_013626762.1;XP_013622202.1;XP_013630101.1;XP_013626144.1;XP_013622626.1		98	33.33333333
19	Saccharide	3216284	3411631	195350	"Glyco_hydro_1, UbiA"	-	NC_027751.1	LOC106337861;LOC106339807;LOC106341819;LOC106337862;LOC106337863;LOC106337864;LOC106341822;LOC106341818;LOC106341817;LOC106341820;LOC106341816;LOC106342984;LOC106340036;LOC10634_165;LOC106342532;LOC106340019;LOC10634_166;LOC106339681;LOC106337673;LOC106337672	XP_013632419.1;XP_013634136.1;XP_013636001.1;XP_013632421.1;XP_013632422.1;XP_013632423.1;XP_013636003.1;XP_013636000.1;XP_013635999.1;XP_013636002.1;XP_013635997.1;XP_013637525.1;XP_013634359.1;XP_013634357.1;XP_013636953.1;XP_013634343.1;XP_013634342.1;XP_013633988.1;XP_013632249.1;XP_013632248.1		1	0
20	Fatty_acid-Alkaloid	8612848	8707923	95080	"BBE, Epimerase, FAD_binding_4, FA_hydroxylase"	-	NC_027751.1	LOC106339887;LOC10633_1479;LOC10633_1480;LOC106340722;LOC106339660;LOC10633_1481;LOC106337328;LOC106338029;LOC106341648;LOC106340288;LOC106342707;LOC106342137;LOC106342136;LOC10634_266;LOC106337691;LOC10633_1482;LOC10633_1483;LOC10633_1484;LOC106338030;LOC106342240	XP_013634204.1;XP_013634206.1;XP_013634205.1;XP_013635021.1;XP_013633964.1;XP_013633965.1;XP_013631880.1;XP_013632554.1;XP_013635812.1;XP_013634621.1;XP_013637172.1;XP_013636440.1;XP_013636437.1;XP_013636438.1;XP_013632272.1;XP_013632273.1;XP_013632274.1;XP_013632275.1;XP_013632555.1;XP_013636563.1		1	0
21	Saccharide	33964590	34052548	87960	"DIOX_N, ECH_2, Glycos_transf_2"	-	NC_027751.1	LOC106342873;LOC106338709;LOC106337243;LOC106339519;LOC106337264;LOC10633_1685;LOC106342662;LOC106342661	XP_013637378.1;XP_013633077.1;XP_013631773.1;XP_013633801.1;XP_013631800.1;XP_013631801.1;XP_013637117.1;XP_013637116.1		127	50
22	Fatty_acid	40037924	40115090	77170	"FA_hydroxylase, Transferase, p450"	-	NC_027751.1	LOC106339923;LOC106340824;LOC106337608;LOC10633_1762;LOC106340462;LOC106341368;LOC106341031;LOC106339721;LOC10633_1763;LOC10633_1764;LOC106336921;LOC106336922;LOC106339325	XP_013634246.1;XP_013635113.1;XP_013632169.1;XP_013632170.1;XP_013634796.1;XP_013635601.1;XP_013635303.1;XP_013634031.1;XP_013634032.1;XP_013634033.1;XP_013631353.1;XP_013631354.1;XP_013633568.1		1	0
23	Saccharide-Terpene	41082994	41370769	287770	"Acetyltransf_1, Aminotran_1_2, Peptidase_S10, SE, SQHop_cyclase_C, SQHop_cyclase_N, Transferase, UDPGT_2"	triterpene	NC_027751.1	LOC106340279;LOC106342659;LOC10634_607;LOC106340064;LOC106339367;LOC106338907;LOC106341198;LOC106341437;LOC106337127;LOC106340209;LOC106338909;LOC10634_608;LOC106342608;LOC106336753;LOC106340704;LOC106340397;LOC106340962;LOC106340172;LOC10634_609;LOC10634_610;LOC10634_611;LOC106338910;LOC106337111;LOC106342870;LOC10634_612;LOC106338911;LOC106338912;LOC106341130;LOC106341472;LOC106338913	XP_013634609.1;XP_013637114.1;XP_013637113.1;XP_013634385.1;XP_013633613.1;XP_013633228.1;XP_013635460.1;XP_013635664.1;XP_013631628.1;XP_013634541.1;XP_013633229.1;XP_013637044.1;XP_013637045.1;XP_013631135.1;XP_013635005.1;XP_013634733.1;XP_013635237.1;XP_013634490.1;XP_013634491.1;XP_013634488.1;XP_013634489.1;XP_013633230.1;XP_013631608.1;XP_013637373.1;XP_013637374.1;XP_013633233.1;XP_013633234.1;XP_013635406.1;XP_013635695.1;XP_013633235.1		1	0
24	Polyketide	43425392	43480194	54800	"Chal_sti_synt_C, Chalcone_2, Methyltransf_11"	-	NC_027751.1	LOC106342820;LOC106336634;LOC10633_1794;LOC106339682;LOC10633_1793;LOC106342263;LOC106342450;LOC106342451;LOC10634_647;LOC106340284;LOC106340649;LOC10634_648;LOC10634_649;LOC106339441	XP_013637310.1;XP_013630978.1;XP_013633991.1;XP_013633989.1;XP_013633990.1;XP_013636588.1;XP_013636842.1;XP_013636843.1;XP_013636845.1;XP_013634614.1;XP_013634945.1;XP_013634946.1;XP_013634947.1;XP_013633703.1		1	0
25	Fatty_acid-Saccharide	45164545	45325260	160720	"ECH_2, FA_hydroxylase, Glyco_hydro_1, adh_short, adh_short_C2"	-	NC_027751.1	LOC106342105;LOC106340107;LOC106337116;LOC10633_1810;LOC106342749;LOC106339665;LOC10633_1811;LOC106340066;LOC106339009;LOC106339011;LOC106339012;LOC106336786;LOC10633_1812;LOC106337546;LOC106340216;LOC106337238;LOC10633_1813;LOC106337563;LOC10633_1814;LOC106336602;LOC10633_1815;LOC10633_1816;LOC10633_1817;LOC106336604;LOC106337211;LOC106337212;LOC106341634	XP_013636391.1;XP_013634423.1;XP_013631615.1;XP_013631616.1;XP_013637224.1;XP_013633970.1;XP_013633971.1;XP_013634388.1;XP_013633304.1;XP_013633305.1;XP_013633306.1;XP_013631179.1;XP_013631181.1;XP_013632108.1;XP_013634551.1;XP_013631765.1;XP_013631764.1;XP_013632126.1;XP_013632127.1;XP_013630927.1;XP_013630928.1;XP_013630929.1;XP_013630930.1;XP_013630931.1;XP_013631732.1;XP_013631733.1;XP_013635804.1		1	0
26	Fatty_acid-Saccharide	46841104	46938794	97690	"FA_desaturase, UDPGT_2"	carboxyl-3	NC_027751.1	LOC106336918;LOC106341521;LOC106339061;LOC106336801;LOC106339609;LOC106340628;LOC106339062;LOC106342669;LOC106342668;LOC10634_690	XP_013631350.1;XP_013635732.1;XP_013633342.1;XP_013631196.1;XP_013633909.1;XP_013634927.1;XP_013633343.1;XP_013637126.1;XP_013637123.1;XP_013637125.1		1	0
27	Saccharide	52597735	52660797	63060	"Glyco_hydro_1, UbiA"	-	NC_027751.1	LOC106339226;LOC106336864;LOC106339228;LOC106340037;LOC106340598;LOC106339229;LOC106342328;LOC10634_794;LOC106342330;LOC10634_795;LOC10634_796;LOC106342329;LOC106337130	XP_013633469.1;XP_013631280.1;XP_013633470.1;XP_013634360.1;XP_013634904.1;XP_013633471.1;XP_013636678.1;XP_013636681.1;XP_013636683.1;XP_013636684.1;XP_013636685.1;XP_013636682.1;XP_013631631.1		1	0
28	Saccharide	53640387	53667297	26910	"Epimerase, Glyco_hydro_1"	-	NC_027751.1	LOC106337652;LOC106340605;LOC106340366;LOC106336706;LOC106340725;LOC106339250;LOC106339729;LOC10633_1959	XP_013632226.1;XP_013634910.1;XP_013634703.1;XP_013631077.1;XP_013635025.1;XP_013633488.1;XP_013634044.1;XP_013634043.1		1	0
29	Saccharide	10281847	10328253	46410	"AMP-binding, Glycos_transf_2"	-	NC_027752.1	LOC106294148;LOC106294969;LOC106294968;LOC106292524;LOC106294581;LOC106292641;LOC106343590;LOC10634_997;LOC106294256;LOC106294183;LOC106344655;LOC106293383;LOC106343818;LOC106344656	XP_013585203.1;XP_013586148.1;XP_013586147.1;XP_013583580.1;XP_013585637.1;XP_013583724.1;XP_013638298.1;XP_013638297.1;XP_013585279.1;XP_013585227.1;XP_013639440.1;XP_013584521.1;XP_013638595.1;XP_013639441.1		1	0
30	Saccharide-Alkaloid	13972890	14077668	104780	"ADH_N_2, ADH_zinc_N, BBE, FAD_binding_4, Glyco_hydro_1"	-	NC_027752.1	LOC106295589;LOC106344056;LOC106343779;LOC106295800;LOC10629_718;LOC106295801;LOC10629_719;LOC106295957;LOC106295956;LOC106343478;LOC106293808	XP_013586976.1;XP_013638891.1;XP_013638537.1;XP_013587240.1;XP_013587243.1;XP_013587241.1;XP_013587242.1;XP_013587428.1;XP_013587427.1;XP_013638161.1;XP_013584900.1		1	0
31	Putative	15549313	15811236	261920	"Epimerase, NAD_binding_1, Peptidase_S10"	-	NC_027752.1	LOC106345073;LOC106343356;LOC106343357;LOC106345075;LOC106345076;LOC106345077;LOC106293287;LOC106294201;LOC106292670;LOC106343875;LOC106293511;LOC106295364;LOC106295363;LOC106345079;LOC106343526;LOC106345080;LOC106292606;LOC106295486;LOC106295487;LOC106343697	XP_013639791.1;XP_013637990.1;XP_013637992.1;XP_013639792.1;XP_013639793.1;XP_013639794.1;XP_013584397.1;XP_013585239.1;XP_013583762.1;XP_013638671.1;XP_013584646.1;XP_013586701.1;XP_013586700.1;XP_013639796.1;XP_013638219.1;XP_013639797.1;XP_013583677.1;XP_013586857.1;XP_013586858.1;XP_013638438.1		1	0
32	Putative	16991834	17097053	105220	"Transferase, adh_short, adh_short_C2, oMT"	-	NC_027752.1	LOC106293125;LOC106293690;LOC106293605;LOC106343250;LOC106343251	XP_013584251.1;XP_013584807.1;XP_013584735.1;XP_013637868.1;XP_013637869.1		1	0
33	Alkaloid	20325790	20384961	59170	"BBE, FAD_binding_4, Peptidase_S10"	-	NC_027752.1	LOC106292611;LOC10634_1122;LOC10634_1123;LOC106344076;LOC106292319;LOC106343945;LOC106292320;LOC106295123;LOC10629_963;LOC10629_964;LOC106295122;LOC10629_959;LOC10629_960;LOC10629_961;LOC10629_962;LOC106295805;LOC106293342;LOC106343387;LOC106343388;LOC106292321	XP_013583683.1;XP_013638910.1;XP_013638911.1;XP_013638908.1;XP_013583371.1;XP_013638762.1;XP_013583373.1;XP_013586380.1;XP_013586378.1;XP_013586379.1;XP_013586377.1;XP_013586372.1;XP_013586373.1;XP_013586374.1;XP_013586375.1;XP_013587246.1;XP_013584465.1;XP_013638035.1;XP_013638036.1;XP_013583374.1		1	0
34	Terpene	34179696	34367054	187360	"Methyltransf_11, SQHop_cyclase_C, SQHop_cyclase_N, p450, polyprenyl_synt"	triterpene-2	NC_027752.1	LOC106292614;LOC106343355;LOC106343095;LOC106343094;LOC106295237;LOC106343959;LOC106293399;LOC106293910;LOC106294388	XP_013583686.1;XP_013637989.1;XP_013637682.1;XP_013637681.1;XP_013586541.1;XP_013638778.1;XP_013584535.1;XP_013584996.1;XP_013585393.1		1	0
35	Terpene-Sesterterpene	40067063	40157811	90750	"Terpene_synth, Terpene_synth_C, p450, polyprenyl_synt"	-	NC_027752.1	LOC106343975;LOC106343881;LOC106343880;LOC106293116;LOC106344482;LOC106344155;LOC106343086;LOC106343087;LOC106295330;LOC106292885	XP_013638795.1;XP_013638679.1;XP_013638678.1;XP_013584245.1;XP_013639307.1;XP_013639011.1;XP_013637669.1;XP_013637670.1;XP_013586658.1;XP_013584007.1		157	30
36	Lignan	40883770	40975863	92090	"2OG-FeII_Oxy, Aminotran_1_2, DIOX_N, Dirigent, p450"	-	NC_027752.1	LOC106294728;LOC106294727;LOC106294726;LOC106295962;LOC106292722;LOC10629_629;LOC10629_630;LOC10629_631;LOC106294646;LOC106294644;LOC106294647;LOC106294648;LOC106294643;LOC106344105;LOC10634_981;LOC10634_982;LOC106344057;LOC106293082;LOC106296196;LOC106293013;LOC106343859;LOC106293771	XP_013585812.1;XP_013585811.1;XP_013585810.1;XP_013587431.1;XP_013583820.1;XP_013583821.1;XP_013583822.1;XP_013583823.1;XP_013585709.1;XP_013585708.1;XP_013585710.1;XP_013585711.1;XP_013585707.1;XP_013638944.1;XP_013638945.1;XP_013638946.1;XP_013638892.1;XP_013584210.1;XP_013587731.1;XP_013584136.1;XP_013638647.1;XP_013584874.1		1	0
37	Saccharide	46240674	46267486	26810	"ADH_N_2, ADH_zinc_N, Acetyltransf_1, Cellulose_synt"	-	NC_027752.1	LOC106293608;LOC106344187;LOC106344614;LOC106344617;LOC106292890;LOC106295693;LOC106344618;LOC106295666;LOC106294294;LOC106343163;LOC106294780;LOC106294779	XP_013584737.1;XP_013639060.1;XP_013639414.1;XP_013639415.1;XP_013584011.1;XP_013587115.1;XP_013639416.1;XP_013587088.1;XP_013585307.1;XP_013637763.1;XP_013585888.1;XP_013585887.1		1	0
38	Saccharide	36449311	36587609	138300	"Epimerase, Glycos_transf_1, Peptidase_S10, p450"	-	NC_027753.1	LOC106296488;LOC106296489;LOC106296572;LOC106296319;LOC106299216;LOC106299508;LOC106299662;LOC106296618;LOC106298129;LOC106300103;LOC10630_634;LOC10630_635;LOC10630_636;LOC106300102;LOC106298131;LOC106300101;LOC106300100;LOC106300105;LOC10630_637;LOC106300104;LOC106296630;LOC106297114;LOC106297115;LOC106301099;LOC106296386;LOC106296337	XP_013588076.1;XP_013588077.1;XP_013588186.1;XP_013587876.1;XP_013590794.1;XP_013591044.1;XP_013591173.1;XP_013588249.1;XP_013589668.1;XP_013591633.1;XP_013591634.1;XP_013591635.1;XP_013591632.1;XP_013591631.1;XP_013589669.1;XP_013591630.1;XP_013591629.1;XP_013591638.1;XP_013591637.1;XP_013591636.1;XP_013588266.1;XP_013588849.1;XP_013588850.1;XP_013592873.1;XP_013587966.1;XP_013587906.1		1	0
39	Putative	38892863	38948442	55580	"2OG-FeII_Oxy, DIOX_N, Epimerase, polyprenyl_synt"	-	NC_027753.1	LOC106296468;LOC10629_1758;LOC10629_1759;LOC106298976;LOC106299434;LOC106298179;LOC106299559;LOC106301071;LOC10630_670;LOC106299687;LOC106299101;LOC106300877;LOC106300876;LOC106299996;LOC106299995;LOC10629_1760;LOC10629_1761;LOC10629_1762;LOC10629_1763	XP_013588054.1;XP_013588055.1;XP_013588056.1;XP_013590556.1;XP_013590983.1;XP_013589711.1;XP_013591087.1;XP_013592833.1;XP_013592832.1;XP_013591190.1;XP_013590694.1;XP_013592588.1;XP_013592587.1;XP_013591486.1;XP_013591481.1;XP_013591482.1;XP_013591483.1;XP_013591484.1;XP_013591485.1		1	0
40	Terpene	14786100	14877698	91600	"Amino_oxidase, SQHop_cyclase_C, SQHop_cyclase_N, oMT, p450"	Cycloartenol	NC_027754.1	LOC106302659;LOC106302238;LOC106301642;LOC10630_941;LOC106301169;LOC106301168;LOC10630_942;LOC106305151	XP_013594577.1;XP_013594236.1;XP_013593546.1;XP_013593547.1;XP_013592968.1;XP_013592967.1;XP_013596973.1;XP_013596972.1		1	0
41	Alkaloid	15751153	15841258	90110	"BBE, FAD_binding_4, Peptidase_S10"	-	NC_027754.1	LOC106302690;LOC106302241;LOC106301234;LOC106303743;LOC106305016;LOC10630_951	XP_013594603.1;XP_013594239.1;XP_013593041.1;XP_013595510.1;XP_013596848.1;XP_013596849.1		1	0
42	Alkaloid	26316730	26449035	132310	"BBE, FAD_binding_4, Methyltransf_11"	-	NC_027754.1	LOC106302955;LOC106302956;LOC106302957;LOC106305538;LOC106301764;LOC106301960;LOC106304249;LOC106304825;LOC106302959;LOC106302960;LOC106304838;LOC106303677;LOC106304901;LOC106306810	XP_013594803.1;XP_013594804.1;XP_013594806.1;XP_013597355.1;XP_013593689.1;XP_013593909.1;XP_013596111.1;XP_013596666.1;XP_013594807.1;XP_013594808.1;XP_013596678.1;XP_013595431.1;XP_013596743.1;XP_013599019.1		1	0
43	Saccharide	39702529	39791331	88800	"UDPGT_2, p450"	"flavonoid-2, hydroxycinnamate"	NC_027754.1	LOC106303604;LOC106303700;LOC106305524;LOC106301517;LOC106303272;LOC106304965;LOC106303273;LOC106304835;LOC106306435;LOC106306436;LOC106301378;LOC106301266;LOC106301902;LOC106306462;LOC106306461;LOC106303274;LOC106302248;LOC106302249	XP_013595345.1;XP_013595456.1;XP_013597343.1;XP_013593389.1;XP_013595043.1;XP_013596797.1;XP_013595044.1;XP_013596676.1;XP_013598508.1;XP_013598509.1;XP_013593212.1;XP_013593081.1;XP_013593841.1;XP_013598544.1;XP_013598543.1;XP_013595047.1;XP_013594243.1;XP_013594244.1		1	0
44	Saccharide	41376213	41494028	117810	"GMC_oxred_C, GMC_oxred_N, Glycos_transf_1, p450"	-	NC_027754.1	LOC106301431;LOC106303319;LOC106306471;LOC106303320;LOC106303322;LOC106306473;LOC106306472;LOC106307010;LOC106307011;LOC10630_1706;LOC106305740;LOC10630_1708;LOC106305739;LOC10630_1707;LOC10630_1709;LOC106306758;LOC10630_1710	XP_013593278.1;XP_013595075.1;XP_013598559.1;XP_013595076.1;XP_013595077.1;XP_013598561.1;XP_013598560.1;XP_013599291.1;XP_013599292.1;XP_013597560.1;XP_013597559.1;XP_013597558.1;XP_013597555.1;XP_013597556.1;XP_013597557.1;XP_013598945.1;XP_013598946.1		216	17.64705882
45	Lignan-Alkaloid	42972488	43053788	81300	"Aminotran_1_2, Bet_v_1, Dirigent, UbiA"	-	NC_027754.1	LOC106304497;LOC10630_1776;LOC106305805;LOC106305806;LOC106305807;LOC106305808;LOC10630_1777;LOC106303370;LOC106304673;LOC106303920	XP_013596357.1;XP_013597651.1;XP_013597650.1;XP_013597652.1;XP_013597653.1;XP_013597655.1;XP_013597654.1;XP_013595110.1;XP_013596521.1;XP_013595735.1		1	0
46	Saccharide	43164292	43265152	100860	"Cellulose_synt, Epimerase, adh_short"	-	NC_027754.1	LOC10630_1786;LOC106303964;LOC10630_1785;LOC10630_1788;LOC10630_1787;LOC106301827;LOC106301828;LOC106303517;LOC106303374;LOC106303516;LOC106303522;LOC106303513;LOC106303523;LOC10630_1790;LOC106303518;LOC10630_1789;LOC106303521	XP_013595781.1;XP_013595778.1;XP_013595779.1;XP_013593762.1;XP_013593764.1;XP_013593761.1;XP_013593765.1;XP_013595232.1;XP_013595114.1;XP_013595231.1;XP_013595238.1;XP_013595230.1;XP_013595239.1;XP_013595235.1;XP_013595233.1;XP_013595234.1;XP_013595237.1		1	0
47	Putative	45023250	45162832	139580	"Amino_oxidase, Methyltransf_11, Transferase, p450"	-	NC_027754.1	LOC106305138;LOC106306321;LOC10630_1852;LOC10630_1853;LOC106306318;LOC106306319;LOC106304788;LOC106301712;LOC106303605;LOC106304976;LOC106302185;LOC106304434;LOC106302335;LOC106302336;LOC106304234;LOC106304917;LOC106304037;LOC106303427;LOC106304627;LOC106306723;LOC106306724;LOC106304216	XP_013596962.1;XP_013598345.1;XP_013598346.1;XP_013598347.1;XP_013598342.1;XP_013598344.1;XP_013596632.1;XP_013593617.1;XP_013595346.1;XP_013596809.1;XP_013594177.1;XP_013596304.1;XP_013594318.1;XP_013594319.1;XP_013596097.1;XP_013596759.1;XP_013595870.1;XP_013595152.1;XP_013596483.1;XP_013598901.1;XP_013598902.1;XP_013596070.1		218	27.27272727
48	Mate	8063806	8338736	274930	"Dimerisation, MatE, Methyltransf_11, Methyltransf_2"	-	NC_027755.1	LOC106308576;LOC106307720;LOC10630_2084;LOC106312706;LOC106307161;LOC106308578;LOC106312379;LOC10631_489;LOC106309932;LOC106308580;LOC106308582;LOC106311512;LOC106311050;LOC106308583	XP_013601182.1;XP_013600208.1;XP_013600209.1;XP_013605775.1;XP_013599489.1;XP_013601183.1;XP_013605332.1;XP_013605333.1;XP_013602545.1;XP_013601185.1;XP_013601186.1;XP_013604150.1;XP_013603736.1;XP_013601187.1		1	0
49	Terpene	15266664	15432406	165740	"2OG-FeII_Oxy, DIOX_N, ECH_2, Terpene_synth, Terpene_synth_C"	-	NC_027755.1	LOC106311502;LOC10631_551;LOC10631_552;LOC10631_553;LOC106311143;LOC106308740;LOC106307856;LOC10630_2129;LOC106307601;LOC106307813;LOC10631_556;LOC106310407;LOC10631_554;LOC10631_555;LOC106307699;LOC10630_2130;LOC10630_2131;LOC10630_2132	XP_013604141.1;XP_013604140.1;XP_013604142.1;XP_013604143.1;XP_013603825.1;XP_013601319.1;XP_013600386.1;XP_013600387.1;XP_013600048.1;XP_013600330.1;XP_013603096.1;XP_013603095.1;XP_013603094.1;XP_013603093.1;XP_013600179.1;XP_013600180.1;XP_013600177.1;XP_013600178.1		1	0
50	Mate	19904780	20070434	165650	"Glycos_transf_1, MatE, PALP, p450"	-	NC_027755.1	LOC10630_2182;LOC106309923;LOC106311345;LOC106308133;LOC106310015;LOC106308892;LOC106309865;LOC106309864;LOC106310179;LOC106307981;LOC106308893;LOC106308894;LOC106308895;LOC106308169;LOC106308170;LOC106311944;LOC106311259;LOC106312212;LOC106312214;LOC10631_650	XP_013602534.1;XP_013602535.1;XP_013603999.1;XP_013600716.1;XP_013602661.1;XP_013601451.1;XP_013602463.1;XP_013602461.1;XP_013602854.1;XP_013600541.1;XP_013601452.1;XP_013601453.1;XP_013601455.1;XP_013600759.1;XP_013600760.1;XP_013604748.1;XP_013603926.1;XP_013605103.1;XP_013605104.1;XP_013605105.1		1	0
51	Saccharide	23696644	23795022	98380	"ADH_N, ADH_zinc_N, DAHP_synth_2, UDPGT_2"	"cyanogenic glucoside, monoterpenoid"	NC_027755.1	LOC106308993;LOC106307707;LOC10630_2232;LOC106307672;LOC106308997;LOC106307240;LOC10630_2233;LOC106307241;LOC10630_2234;LOC106307258;LOC106310903;LOC106308998;LOC106307343;LOC106308999;LOC106309583;LOC106310239;LOC106310383	XP_013601541.1;XP_013600191.1;XP_013600192.1;XP_013600140.1;XP_013601542.1;XP_013599592.1;XP_013599591.1;XP_013599594.1;XP_013599595.1;XP_013599612.1;XP_013603584.1;XP_013601544.1;XP_013599726.1;XP_013601545.1;XP_013602091.1;XP_013602928.1;XP_013603073.1		1	0
52	Alkaloid	30904639	30949879	45240	"Aminotran_1_2, Str_synth"	-	NC_027755.1	LOC106307522;LOC106309854;LOC10630_2324;LOC106309836;LOC106307510;LOC106307836;LOC10630_2325;LOC106308255;LOC106308066	XP_013599956.1;XP_013602449.1;XP_013602450.1;XP_013602434.1;XP_013599944.1;XP_013600356.1;XP_013600357.1;XP_013600855.1;XP_013600639.1		1	0
53	Fatty_acid	32878298	32968709	90410	"2OG-FeII_Oxy, Aminotran_1_2, DIOX_N, FA_desaturase, PALP"	-	NC_027755.1	LOC10631_893;LOC106311836;LOC106311835;LOC106311837;LOC106309716;LOC106310113;LOC106309220;LOC106310536;LOC106312115;LOC10631_894;LOC106312519;LOC10631_895;LOC106310923;LOC10631_896;LOC106311411;LOC106309772;LOC106312679;LOC106312648	XP_013604594.1;XP_013604595.1;XP_013604593.1;XP_013604596.1;XP_013602273.1;XP_013602775.1;XP_013601731.1;XP_013603222.1;XP_013604957.1;XP_013604958.1;XP_013605528.1;XP_013605529.1;XP_013603603.1;XP_013604054.1;XP_013604052.1;XP_013602357.1;XP_013605739.1;XP_013605699.1		1	0
54	Polyketide-Alkaloid	33903928	33956361	52430	"3Beta_HSD, Bet_v_1, Chal_sti_synt_C, Methyltransf_2"	-	NC_027755.1	LOC106312148;LOC10631_925;LOC106307642;LOC10630_2397;LOC10630_2398;LOC106311605;LOC106311606;LOC106311604;LOC106309675;LOC10630_2399;LOC106309242;LOC106309548;LOC106310517	XP_013605004.1;XP_013605005.1;XP_013600106.1;XP_013600107.1;XP_013600109.1;XP_013604287.1;XP_013604288.1;XP_013604286.1;XP_013602215.1;XP_013602216.1;XP_013601747.1;XP_013602051.1;XP_013603205.1		1	0
55	Terpene	34568891	34602428	33540	"Terpene_synth, Terpene_synth_C, p450"	-	NC_027755.1	LOC106309264;LOC10631_940;LOC10631_941;LOC106312761;LOC106308146;LOC10630_2407;LOC106312505;LOC106312312	XP_013601763.1;XP_013605853.1;XP_013605854.1;XP_013605852.1;XP_013600731.1;XP_013600730.1;XP_013605509.1;XP_013605243.1		1	0
56	Terpene	35055086	35165725	110640	"Peptidase_S10, SQHop_cyclase_C, SQHop_cyclase_N, Transferase, p450"	triterpene	NC_027755.1	LOC106311245;LOC106307185;LOC106310391;LOC10631_955;LOC106311700;LOC106311699;LOC106308204;LOC10630_2412;LOC10630_2413;LOC106307950;LOC106310726;LOC10631_956;LOC106310214;LOC106307904;LOC106310247;LOC106310597	XP_013603910.1;XP_013599513.1;XP_013603078.1;XP_013604410.1;XP_013604409.1;XP_013604408.1;XP_013600794.1;XP_013600793.1;XP_013600791.1;XP_013600503.1;XP_013603401.1;XP_013603402.1;XP_013602900.1;XP_013600449.1;XP_013602939.1;XP_013603278.1		1	0
57	Alkaloid	18183686	18305438	121750	"BBE, Epimerase, FAD_binding_4, Methyltransf_11"	-	NC_027756.1	LOC106314025;LOC106314474;LOC106314475;LOC106314476;LOC106313403;LOC10631_1667;LOC106313149;LOC106315768;LOC106313767;LOC10631_1668;LOC10631_1669;LOC106313768;LOC106316004;LOC106317090	XP_013607429.1;XP_013607795.1;XP_013607797.1;XP_013607798.1;XP_013606657.1;XP_013606658.1;XP_013606346.1;XP_013609046.1;XP_013607128.1;XP_013607129.1;XP_013607130.1;XP_013607131.1;XP_013609315.1;XP_013610402.1		1	0
58	Terpene	41629854	41740208	110350	"2OG-FeII_Oxy, DIOX_N, PRISE, Prenyltransf"	-	NC_027756.1	LOC106313320;LOC106313321;LOC106317151;LOC106312862;LOC10631_2094;LOC106315045;LOC106315740;LOC106318851;LOC106318852;LOC106319435;LOC106319436;LOC106317261;LOC106313585;LOC106319302;LOC106317438	XP_013606559.1;XP_013606560.1;XP_013610462.1;XP_013605995.1;XP_013605994.1;XP_013608274.1;XP_013609006.1;XP_013612450.1;XP_013612451.1;XP_013613213.1;XP_013613214.1;XP_013610558.1;XP_013606892.1;XP_013613040.1;XP_013610710.1		1	0