potentialBGC	sequence_id	type	nucl_start	nucl_end	size	core_domains	product	Gene cluster genes		Gene cluster gene accessions		Compound with gene cluster of highest homology
1	1	Alkaloid	239277	390911	151630	"Abhydrolase_3, BBE, Epimerase, FAD_binding_4, p450"	-	LOC10563_8;LOC10563_9;LOC105636799;LOC10563_7;LOC105636948;LOC105636947;LOC105636946;LOC105640089;LOC105636945;LOC105636944;LOC105636798;LOC105636797;LOC105636795;LOC105636794		XP_020536074.1;XP_012075539.1;XP_012075537.1;XP_012075538.1;XP_020536034.2;XP_037497192.1;XP_037497461.1;XP_012079701.1;XP_012075745.1;XP_012075744.2;XP_012075536.1;XP_012075535.1;XP_012075534.1;XP_012075532.1		
2	2	Saccharide	2038813	2136947	98130	"Abhydrolase_3, UDPGT_2, p450"	-	LOC105647025;LOC105647024;LOC105647056;LOC105647027;LOC105647028;LOC105647029;LOC10564_49;LOC10564_50;LOC105647031;LOC10564_51;LOC10564_52;LOC10564_53;LOC10564_54;LOC105647032;LOC10564_55;LOC10564_56;LOC10564_57;LOC105647033;LOC105647057;LOC105647034;LOC105648934		XP_012088390.1;XP_012088389.1;XP_012088426.1;XP_012088392.1;XP_012088393.1;XP_012088394.1;XP_012088395.1;XP_012088396.1;XP_020540069.1;XP_037495574.1;XP_012088397.1;XP_020540070.1;XP_012088398.1;XP_012088400.1;XP_012088401.1;XP_012088402.1;XP_012088403.1;XP_012088404.1;XP_012088427.3;XP_037491638.1;XP_012090830.1		
3	3	Alkaloid	176984	237645	60660	"Aminotran_1_2, Str_synth"	-	LOC105634416;LOC105634434;LOC105634415;LOC105634414;LOC105634412;LOC10563_142;LOC10563_143;LOC10563_144;LOC10563_145;LOC105634433;LOC105634432		XP_012072665.1;XP_012072685.1;XP_012072664.1;XP_012072663.1;XP_020535068.1;XP_037492386.1;XP_012072659.1;XP_012072660.1;XP_012072661.1;XP_037492349.1;XP_037492396.1		
4	4	Saccharide	1	70069	70070	"Methyltransf_11, UDPGT_2"	"cyanogenic glucoside-2, monoterpenoid-2"	LOC105630980;LOC105630627;LOC105630979;LOC105630626;LOC10563_255;LOC105630624;LOC105630623;LOC105630622;LOC10563_256;LOC10563_257		XP_037494975.1;XP_037494957.1;XP_012068367.1;XP_012067888.1;XP_020533654.1;XP_012067887.1;XP_012067886.1;XP_037494969.1;XP_012067884.1;XP_012067885.1		
5	5	Lignan-Mate	158200	270066	111870	"Dirigent, MatE, p450"	-	LOC105633914;LOC10563_292;LOC10563_295;LOC105633734;LOC10563_293;LOC10563_294;LOC105633733;LOC105633732;LOC105633731;LOC105633730;LOC105633727;LOC105633726;LOC105633725;LOC105633724;LOC105633723;LOC105633722;LOC105633913;LOC105633721;LOC10563_296;LOC10563_297;LOC105633720;LOC105633912;LOC105633719		XP_020534853.1;XP_012072004.1;XP_020534847.1;XP_020534845.1;XP_020534846.1;XP_012071763.1;XP_012071762.1;XP_012071761.1;XP_012071760.1;XP_012071759.1;XP_012071757.1;XP_012071756.1;XP_020534823.1;XP_012071754.1;XP_012071753.1;XP_012071752.1;XP_012072003.1;XP_012071749.1;XP_012071750.1;XP_020534864.1;XP_012071748.1;XP_012072001.1;XP_037495289.1		
6	6	Saccharide	324174	368091	43920	"AMP-binding, Glyco_hydro_1"	-	LOC10564_436;LOC105640727;LOC110010173;LOC105640728;LOC105640225;LOC105640226;LOC10564_437;LOC105640729;LOC10564_438;LOC10564_439;LOC10564_440;LOC105640227;LOC105640228;LOC110010192		XP_037496434.1;XP_012080514.2;XP_037496359.1;XP_020537583.1;XP_012079872.1;XP_012079875.1;XP_012079873.1;XP_037496440.1;XP_037496443.1;XP_037496447.1;XP_037496455.1;XP_037496452.1;XP_012079878.1;XP_020537601.1		
7	7	Lignan	14724	66287	51560	"Dirigent, Transferase, adh_short_C2"	-	LOC105631190;LOC105631191;LOC105631192;LOC10563_343;LOC105631193;LOC105631194;LOC10563_344;LOC10563_345;LOC10563_346;LOC105631195;LOC10563_347;LOC105631196;LOC105631198;LOC10563_348;LOC105631199;LOC105631200;LOC105631637;LOC105631201		XP_012068606.1;XP_012068609.1;XP_012068611.1;XP_037496685.1;XP_037496682.1;XP_020533980.1;XP_012068613.1;XP_020533981.1;XP_012068614.1;XP_020533978.1;XP_012068615.1;XP_012068616.1;XP_012068618.1;XP_037496781.1;XP_012068619.1;XP_037496767.1;XP_012069207.2;XP_012068621.1		
8	8	Polyketide	675972	739982	64010	"COesterase, Chal_sti_synt_C, Chal_sti_synt_N, Epimerase"	-	LOC105632077;LOC105632076;LOC10563_390;LOC10563_391;LOC105632075;LOC105632074;LOC105632073;LOC105632072;LOC105632071;LOC105632070;LOC105632222;LOC105632069;LOC105632068;LOC105632067		XP_012069750.1;XP_012069747.1;XP_012069748.1;XP_012069749.1;XP_012069746.1;XP_012069744.1;XP_012069743.1;XP_012069742.1;XP_012069741.1;XP_012069740.1;XP_012069935.1;XP_012069739.3;XP_037497099.1;XP_012069737.1		
9	9	Saccharide	834078	1039334	205260	"Cellulose_synt, Methyltransf_11, adh_short"	-	LOC105636809;LOC105639229;LOC105636884;LOC10563_502;LOC105637058;LOC10563_503;LOC105637177;LOC10563_504;LOC105636230;LOC10563_505;LOC105636231;LOC105648020;LOC10564_634		XP_012075587.1;XP_012078640.1;XP_037491119.1;XP_012075704.1;XP_012075861.1;XP_012075922.1;XP_012076018.1;XP_037491134.1;XP_037491133.1;XP_037491135.1;XP_012074842.1;XP_020540535.1;XP_012089660.1		
10	10	Cyclopeptide	1	82028	82030	BURP	-	LOC105648331;LOC110010966;LOC105648329;LOC105648326;LOC105648327;LOC105648325;LOC119369220;LOC105648324;LOC105648323;LOC10564_673;LOC105648817;LOC10564_674;LOC10564_675;LOC10564_676;LOC105648322;LOC105648321		XP_012090070.1;XP_020540656.1;XP_012090069.2;XP_012090067.1;XP_012090068.1;XP_037491215.1;XP_037491218.1;XP_037491217.1;XP_037491216.1;XP_012090062.1;XP_037491223.1;XP_037491221.1;XP_037491222.1;XP_037491220.1;XP_012090061.1;XP_037491219.1		
11	11	Fatty_acid	1295435	1383994	88560	"FA_desaturase, adh_short_C2, p450"	-	LOC119369245;LOC105629521;LOC105646549;LOC105646514;LOC10564_693;LOC105646513;LOC105646512;LOC105646511;LOC10564_694;LOC10564_696;LOC105646509;LOC10564_695;LOC105646508;LOC105646507		XP_037491293.1;XP_012066519.1;XP_012087803.1;XP_037491252.1;NP_001295707.1;XP_012087762.1;XP_012087760.1;XP_037491340.1;XP_012087759.1;XP_012087757.1;XP_020539946.1;XP_020539945.1;XP_012087755.1;XP_012087754.1		
12	12	Putative	1569084	1759888	190800	"2OG-FeII_Oxy, DIOX_N, p450"	-	LOC105646487;LOC105646486;LOC105646543;LOC105646485;LOC105646484;LOC105646542;LOC119369246;LOC105634769;LOC105634767;LOC105634760;LOC105634762;LOC105634758;LOC105634741;LOC105634740;LOC105634757		XP_012087734.1;XP_012087733.1;XP_012087799.1;XP_012087732.1;XP_037491321.1;XP_012087798.1;XP_037491294.1;XP_037491295.1;XP_037491296.1;XP_037491297.1;XP_037491298.1;XP_012073058.2;XP_037491299.1;XP_012073041.1;XP_012073057.1		
13	13	Lignan	3561179	3632963	71780	"2OG-FeII_Oxy, Aldo_ket_red, DIOX_N, Dirigent"	-	LOC105650375;LOC105650376;LOC105650387;LOC105650377;LOC105650378;LOC105650379;LOC105650380;LOC105650388;LOC10565_20;LOC110011174;LOC105650381;LOC105650384;LOC105650382;LOC105650385		XP_037491358.1;XP_012092657.1;XP_012092670.1;XP_012092658.1;XP_012092659.1;XP_012092660.1;XP_012092661.1;XP_020541421.1;XP_020541422.1;XP_020541423.1;XP_012092662.1;XP_012092665.1;XP_012092663.1;XP_012092666.1		
14	14	Terpene	54592	387187	332600	"2OG-FeII_Oxy, DIOX_N, Terpene_synth, Terpene_synth_C"	-	LOC105641627;LOC105641625;LOC105641624;LOC105641727;LOC119369106;LOC119369105;LOC105641726;LOC105641621;LOC105641618;LOC105641619;LOC105628014;LOC105641724;LOC105641723;LOC105650274		XP_012081602.2;XP_012081601.1;XP_012081600.1;XP_037491855.1;XP_037492351.1;XP_037492282.1;XP_012081716.1;XP_037491741.1;XP_037492292.1;XP_037492291.1;XP_037492293.1;XP_037491742.1;XP_037491744.1;XP_037491745.1		
15	15	Putative	5238700	5428518	189820	"Dimerisation, Methyltransf_2, adh_short_C2, p450, polyprenyl_synt"	-	LOC119369514;LOC105629054;LOC10562_201;LOC10562_202;LOC10562_203;LOC105639188;LOC105639187;LOC10563_1109;LOC10563_1110;LOC105632418;LOC105632431;LOC105648912;LOC105636550;LOC10563_1111;LOC105636551;LOC105636552;LOC105649000;LOC105648999;LOC105648998		XP_037491780.1;XP_037492312.1;XP_037492313.1;XP_012065960.3;XP_037492314.1;XP_012078548.1;XP_020537013.1;XP_012078547.1;XP_020537012.1;XP_012070190.1;XP_012070202.1;XP_037491781.1;XP_012075239.1;XP_012075240.1;XP_012075241.1;XP_037492280.1;XP_012090902.1;XP_037492055.1;XP_012090900.1		
16	16	Saccharide	18054313	18298712	244400	"UDPGT_2, p450"	"cyanogenic glucoside-2, monoterpenoid-2"	LOC10563_769;LOC105636398;LOC105629213;LOC105639057;LOC119369595;LOC105636493;LOC10563_770;LOC110009240;LOC105631513;LOC105631572		XP_012075047.1;XP_012075046.1;XP_037491832.1;XP_037492051.1;XP_037492052.1;XP_020535919.1;XP_012075161.1;XP_020534026.2;XP_037492074.1;XP_037492078.1		
17	17	Saccharide	24278161	24627969	349810	"AMP-binding, UDPGT_2, p450"	"cyanogenic glucoside-4, monoterpenoid-4"	LOC105645135;LOC119369365;LOC105646425;LOC105643862;LOC105635100;LOC105645030;LOC105645032		XP_037492121.1;XP_037491651.1;XP_037491652.1;XP_037491653.1;XP_012073481.2;XP_012085920.1;XP_012085921.1		
18	18	Saccharide	106234	122501	16270	"Epimerase, UDPGT_2, p450"	-	LOC105637491;LOC10563_1116;LOC10563_1117;LOC10563_1118;LOC10563_1119;LOC10563_1120;LOC105637493;LOC105637494;LOC105637499;LOC105637498		XP_012076352.1;XP_012076353.1;XP_012076354.1;XP_020536466.1;XP_020536467.1;XP_020536468.1;XP_012076355.1;XP_012076356.1;XP_012076364.1;XP_012076363.1		
19	19	Saccharide	221690	277120	55430	"2OG-FeII_Oxy, DIOX_N, Dimerisation, Methyltransf_2, UDPGT_2, p450"	"flavonoid, oleananes"	LOC105642319;LOC105642318;LOC105642316;LOC10564_1282;LOC105642315;LOC105642314;LOC10564_1283;LOC105642313;LOC10564_1284;LOC105642312		XP_012082511.1;XP_020538142.1;XP_012082509.1;XP_020538224.1;XP_012082507.1;XP_012082506.1;XP_020538225.1;XP_012082505.1;XP_020538220.1;XP_012082504.1		
20	20	Alkaloid	766696	791751	25050	"Acetyltransf_1, Bet_v_1"	-	LOC105632685;LOC110008712;LOC105632458;LOC105632684;LOC105632457;LOC10563_1366;LOC105632456;LOC10563_1367		XP_020534335.1;XP_037492686.1;XP_012070231.1;XP_012070518.3;XP_020534423.1;XP_012070229.1;XP_012070228.1;XP_012070227.1		
21	21	Saccharide-Alkaloid	1185	85644	84460	"Bet_v_1, Epimerase, UDPGT_2, p450"	*saccharide	LOC105635719;LOC105635718;LOC105635717;LOC110010152;LOC105635744;LOC105635743;LOC105635742;LOC105635716;LOC10563_1398;LOC105635715;LOC105635741		XP_012074195.1;XP_012074194.1;XP_012074193.1;XP_037492769.1;XP_012074221.1;XP_012074220.1;XP_012074219.1;XP_012074191.1;XP_012074192.1;XP_012074190.1;XP_012074218.1		
22	22	Putative	2049839	2121086	71250	"Acetyltransf_1, Aminotran_1_2, Methyltransf_11, Methyltransf_3"	-	LOC105637797;LOC10563_1667;LOC10563_1668;LOC105637796;LOC105637795;LOC105637794;LOC105637793;LOC105637792;LOC105637791;LOC10563_1669;LOC105637790;LOC105637788;LOC105637787;LOC10563_1670;LOC105638336;LOC10563_1671;LOC105637786;LOC105637785;LOC105637784;LOC105637783		XP_012076806.1;XP_020536433.1;XP_012076807.1;XP_012076805.1;XP_012076804.1;XP_012076803.1;XP_012076802.1;XP_012076801.1;XP_012076799.1;XP_037493103.1;XP_012076797.1;XP_012076796.2;XP_012076794.1;XP_012076795.1;XP_020536516.2;XP_037493160.1;XP_012076793.1;XP_012076792.1;XP_012076791.1;XP_012076790.1		
23	23	Saccharide	3827576	3902049	74470	"Aminotran_1_2, Glycos_transf_2, SE"	-	LOC105635233;LOC10563_2065;LOC10563_2066;LOC105635234;LOC105635235;LOC105635236;LOC105635239;LOC105635238;LOC105635237;LOC105635240;LOC105635242;LOC105635243;LOC105635388;LOC105635389;LOC110009584;LOC105635396;LOC105635391;LOC105635392;LOC105635393;LOC119370153;LOC105635395;LOC105635399;LOC10563_2067;LOC10563_2068;LOC119370116;LOC105635244;LOC105635401;LOC119369047;LOC11936_25		XP_012073657.1;XP_012073658.1;XP_012073659.1;XP_012073661.1;XP_012073662.1;XP_012073663.2;XP_012073666.2;XP_012073665.1;XP_012073664.2;XP_012073667.1;XP_012073668.2;XP_037493681.1;XP_037493504.1;XP_012073861.3;XP_037493505.1;XP_037493682.1;XP_037493506.1;XP_012073865.2;XP_037493679.1;XP_037493680.1;XP_037493507.1;XP_037493674.1;XP_037493673.1;XP_037493675.1;XP_037493508.1;XP_037493678.1;XP_020535391.2;XP_037493676.1;XP_037493677.1		
24	24	Fatty_acid-Saccharide	7244248	7366408	122160	"AMP-binding, Glycos_transf_2, Transferase"	-	LOC105635410;LOC105635411;LOC105635282;LOC105635285;LOC105635283;LOC10563_2083;LOC105635286;LOC105635287;LOC105635288;LOC105635289;LOC105635290;LOC10563_2084;LOC105635291;LOC10563_2085;LOC10563_2086		XP_012073881.1;XP_012073883.1;XP_012073714.2;XP_037493667.1;XP_020535466.1;XP_020535467.1;XP_012073718.1;XP_012073720.1;XP_012073721.1;XP_012073722.1;XP_012073723.1;XP_012073724.1;XP_037493646.1;XP_012073725.1;XP_012073726.1		
25	25	Alkaloid	7589097	7636784	47690	"2OG-FeII_Oxy, Orn_Arg_deC_N, Orn_DAP_Arg_deC, oMT"	-	LOC105630797;LOC105630798;LOC105631005;LOC105630799;LOC10563_1913;LOC10563_1914;LOC105630800;LOC105630801;LOC105630802;LOC10563_1915;LOC10563_1916;LOC10563_1917;LOC10563_1918;SQE;LOC105630805;LOC10563_1919;LOC105630806;LOC10563_1920;LOC10563_1921		XP_012068148.1;XP_012068151.1;XP_012068388.1;XP_012068154.1;XP_012068152.1;XP_012068153.1;XP_012068155.1;XP_012068156.1;XP_012068159.1;XP_020533686.1;XP_020533687.1;XP_012068157.1;XP_012068158.1;NP_001295656.1;XP_012068163.1;XP_012068162.1;XP_012068164.1;XP_012068165.1;XP_020533688.1		
26	26	Alkaloid	1339090	1445516	106430	"Bet_v_1, ECH_2, adh_short"	-	LOC105636701;LOC105636697;LOC105636696;LOC105636695;LOC105636694;LOC105636691;LOC105636693;LOC10563_2155;LOC105636690;LOC105636689;LOC10563_2157;LOC10563_2156;LOC10563_2158;LOC105636688;LOC105636687		NP_001295661.1;XP_037493850.1;XP_037493851.1;XP_037493861.1;XP_012075418.1;XP_012075416.1;XP_037493826.1;XP_037493827.1;XP_020535973.1;XP_037493881.1;XP_037493883.1;XP_037493880.1;XP_037493882.1;XP_012075413.1;XP_012075412.1		
27	27	Putative	4835363	4962122	126760	"3Beta_HSD, Amino_oxidase, Epimerase, Methyltransf_11"	-	LOC105628728;LOC105628729;LOC10562_418;LOC10562_419;LOC105628730;LOC105628731;LOC105628732;LOC105628733;LOC10562_421;LOC105628735;LOC10562_420;LOC105628734;LOC10562_422;LOC105628824;LOC119370319;LOC105628737;LOC105628738;LOC105628825;LOC105650596;LOC10565_195;LOC10565_196;LOC10562_426;LOC105628739;LOC10562_423;LOC10562_424;LOC10562_425;LOC105628740;LOC10562_427;LOC105628827;LOC105628828;LOC105628741		XP_012065593.1;XP_020532855.1;XP_037494068.1;XP_012065594.1;XP_012065597.1;XP_012065598.1;XP_012065599.1;XP_012065601.1;XP_020532862.1;XP_012065604.1;XP_020532861.1;XP_012065603.1;XP_037494159.1;XP_020532824.2;XP_037494090.1;XP_037494163.1;XP_020532914.1;XP_037494091.1;XP_037494162.1;XP_037494160.1;XP_037494161.1;XP_020532885.1;XP_012065606.2;XP_020532882.1;XP_020532883.1;XP_020532884.1;XP_012065609.1;XP_012065608.1;XP_012065698.1;XP_012065699.2;XP_020532913.2		
28	28	Alkaloid	1637433	1763181	125750	"Orn_Arg_deC_N, Orn_DAP_Arg_deC, Pyridoxal_deC, adh_short, adh_short_C2"	-	LOC105644904;LOC105644903;LOC10564_2607;LOC10564_2608;LOC105645014;LOC105644901;LOC105644900;LOC10564_2609;LOC105644899;LOC10564_2610;LOC105634190;LOC10563_2710;LOC105634191;LOC10563_2709;LOC105634192;LOC105634193;LOC105634194;LOC105634300;LOC105634195;LOC10563_2711;LOC10563_2712;LOC105634196;LOC105634197;LOC10563_2713;LOC105634198		XP_012085800.1;XP_012085798.1;XP_012085799.1;XP_037494983.1;XP_037494984.1;XP_037494982.1;XP_012085795.1;XP_012085794.1;XP_037494973.1;XP_037494974.1;XP_037495007.1;XP_020535004.1;XP_037495033.1;XP_012072400.1;XP_012072401.1;XP_012072403.1;XP_012072404.1;XP_037494963.1;XP_037494981.1;XP_037494979.1;XP_037494980.1;XP_012072406.1;XP_020534983.2;XP_012072407.1;XP_012072408.1		
29	29	Terpene	1196184	1415973	219790	"Terpene_synth, Terpene_synth_C, p450"	-	LOC105640128;LOC105640126;LOC105640124;LOC105640123;LOC105643657;LOC105640081;LOC105643655;LOC105640119;LOC105635422		XP_037495475.1;XP_037495476.1;XP_037495477.1;XP_037495478.1;XP_037495479.1;XP_037495455.1;XP_037495480.1;XP_037495481.1;XP_037495482.1		
30	30	Cyclopeptide	1312640	2119372	806730	"BURP, p450"	-	LOC105643655;LOC105640119;LOC105635422;LOC105642416;LOC105642417;LOC105642420;LOC105642418;LOC10564_2894;LOC10564_2895;LOC105642421;LOC110008693;LOC119370756;LOC105642425;LOC105642422;LOC119370757;LOC110008710;LOC105640266;LOC105640230;LOC105640223;LOC105640246;LOC10563_2930;LOC105637767;LOC105634350;LOC105634348;LOC110009464;LOC105634347;LOC105634346;LOC10563_2931;LOC10563_2932;LOC119370730;LOC10563_2933;LOC105634357;LOC105634356;LOC105634355;LOC105634343;LOC105634342;LOC10563_2934;LOC105634341;LOC105634340;LOC10563_2935;LOC105637224;LOC10563_2936;LOC105637181;LOC105637223;LOC105637180;LOC105637222;LOC105637179;LOC119370744;LOC110009884;LOC119370741;LOC110009882;LOC105637176;LOC10563_2937;LOC10563_2938;LOC10563_2939;LOC10563_2940;LOC10563_2941;LOC105637175;LOC10563_2942;LOC10563_2943;LOC105637174;LOC10563_2944;LOC105637172;LOC105637171;LOC105637170;LOC10563_2945;LOC10563_2946;LOC10563_2947;LOC10563_2948;LOC10563_2949;LOC10563_2950;LOC10563_2951;LOC10563_2952;LOC105637169		XP_037495480.1;XP_037495481.1;XP_037495482.1;XP_037495411.1;XP_012082625.1;XP_012082630.1;XP_020538261.1;XP_012082627.1;XP_012082628.1;XP_037495483.1;XP_037495484.1;XP_037495485.1;XP_037495486.1;XP_037495487.1;XP_037495488.1;XP_037495398.1;XP_037495489.1;XP_037495397.1;XP_037495490.1;XP_037495491.1;XP_037495439.1;XP_037495440.1;XP_037495492.1;XP_012072583.1;XP_037495431.1;XP_012072582.1;XP_037495423.1;XP_012072581.1;XP_020535041.1;XP_037495412.1;XP_037495395.1;XP_037495394.1;XP_012072597.1;XP_012072595.1;XP_012072579.1;XP_020535038.1;XP_012072578.1;XP_012072577.1;XP_020535047.1;XP_012072575.1;XP_012076028.2;XP_037495410.1;XP_012075989.1;XP_037495413.1;XP_012075988.1;XP_012076027.1;XP_037495414.1;XP_037495442.1;XP_020536215.1;XP_037495436.1;XP_020536201.1;XP_012075984.2;XP_012075985.2;XP_012075986.2;XP_020536202.2;XP_020536203.2;XP_020536204.2;XP_037495437.1;XP_012075982.1;XP_020536205.2;XP_012075981.1;XP_037495457.1;XP_012075980.1;XP_012075978.1;XP_020536180.1;XP_037495430.1;XP_020536173.1;XP_037495424.1;XP_037495425.1;XP_037495426.1;XP_037495427.1;XP_037495428.1;XP_037495429.1;XP_012075970.1		
31	31	Alkaloid	742251	822244	79990	"Abhydrolase_3, Acetyltransf_1, Bet_v_1"	-	LOC105649849;LOC105649850;LOC105649852;LOC105649851;LOC105649853;LOC105650201;LOC105649854;LOC105649855;LOC10564_3039;LOC10564_3042;LOC105649856;LOC10564_3040;LOC10564_3041;LOC10564_3043;LOC10564_3044;LOC10564_3045;LOC105649859;LOC105650202;LOC105649860;LOC105650206;LOC105650204;LOC10565_204;LOC10565_205;LOC105650558;LOC105650205;LOC10565_206;LOC10565_207;LOC10565_208;LOC10565_209		XP_012092050.1;XP_012092051.1;XP_012092053.1;XP_012092052.1;XP_012092054.2;XP_012092467.1;XP_012092055.1;XP_020541308.1;XP_012092056.1;XP_012092057.1;XP_037495581.1;XP_037495582.1;XP_037495583.1;XP_037495584.1;XP_037495585.1;XP_037495586.1;XP_037495622.1;XP_020541121.2;XP_037495623.1;XP_037495595.1;XP_037495590.1;XP_037495591.1;XP_037495592.1;XP_037495599.1;XP_037495597.1;XP_037495596.1;XP_037495598.1;XP_037495594.1;XP_037495593.1		
32	32	Alkaloid	5574	42867	37290	"Cu_amine_oxid, Epimerase, p450"	-	LOC105646084;LOC105646083;LOC105645963;LOC105646082;LOC10564_3122;LOC10564_3121;LOC105645962;LOC105645961;LOC10564_3123;LOC10564_3124;LOC105645960;LOC10564_3125		XP_037495659.1;XP_020539519.1;XP_012087107.1;XP_037495658.1;XP_020539625.1;XP_012087106.1;XP_020539624.1;XP_020539564.1;XP_037495657.1;XP_012087105.1;XP_012087104.1;XP_037495656.1		
33	33	Terpene	6661	136852	130190	"ADH_N_2, ADH_zinc_N, Terpene_synth, Terpene_synth_C, adh_short_C2, p450"	-	LOC105629819;LOC105629807;LOC105629818;LOC105629806;CYP726A23;LOC105629803;CYP726A24;LOC105629801;LOC105629800		XP_020533322.2;XP_012066838.1;XP_037495726.1;XP_037495725.1;NP_001295671.1;XP_020533318.2;NP_001295668.1;XP_012066833.1;XP_037495724.1		
34	34	Saccharide	9216	112061	102840	"AMP-binding, Amino_oxidase, Glyco_hydro_1, Lipoxygenase"	-	LOC119370912;LOC105650488;LOC105650489;LOC119370914;LOC105650480;LOC10565_213;LOC105650481;LOC105650482;LOC10565_214;LOC10565_215;LOC105650483;LOC10565_216;LOC10565_217;LOC105650485;LOC105650487;LOC10565_218;LOC105650486;LOC105646238;LOC105646237;LOC10564_3242		XP_037495940.1;XP_037495942.1;XP_037495943.1;XP_037495945.1;XP_012092782.1;XP_037495935.1;XP_037495934.1;XP_012092787.1;XP_012092785.1;XP_012092786.1;XP_037495937.1;XP_037495936.1;XP_037495938.1;XP_012092789.1;XP_012092791.1;XP_020541448.1;XP_037495946.1;XP_012087445.2;XP_037495939.1;XP_012087444.1		
35	35	Saccharide	3596	125261	121670	"AMP-binding, Abhydrolase_3, Glycos_transf_1"	-	LOC105640088;LOC105640091;LOC119370944;LOC105640092;LOC110010153;LOC105640094;LOC105640093		XP_012079699.1;XP_020537386.2;XP_037496028.1;XP_012079704.1;XP_020537378.1;XP_012079706.1;XP_012079705.1		
36	36	Saccharide	443839	658274	214440	"2OG-FeII_Oxy, DIOX_N, Methyltransf_3, UDPGT_2"	"flavonoid-8, oleananes-8"	LOC105642257;LOC105642256;LOC105646273;LOC105646274;LOC105646275;LOC10564_3649;LOC110010760;LOC105646276;LOC10564_3650;LOC10564_3651;LOC105646277;LOC105646278;LOC105646296;LOC105646279;LOC10564_3652;LOC105646280;LOC10564_3653;LOC105646282;LOC105646298;LOC105646283;LOC105646299;LOC105646284		XP_012082417.1;XP_020538216.1;XP_012087486.1;XP_012087488.3;XP_037496391.1;XP_037496392.1;XP_020539829.1;XP_037496431.1;XP_037496433.1;XP_037496432.1;XP_012087492.1;XP_012087493.1;XP_012087514.2;XP_012087495.1;XP_012087494.1;XP_012087496.1;XP_020539821.1;XP_012087498.1;XP_012087515.1;XP_012087499.1;XP_012087516.2;NP_001292966.1		
37	37	Terpene	15921	40982	25060	"Epimerase, Terpene_synth, Terpene_synth_C"	-	LOC105649410;LOC105650121;LOC105649409;LOC105650120;LOC105649408;LOC105649407		XP_037496550.1;XP_012092392.2;XP_012091434.1;XP_012092390.1;XP_012091433.1;XP_012091432.1		
38	38	Saccharide	767	49392	48620	"Epimerase, Glycos_transf_1, adh_short, adh_short_C2"	-	LOC105643356;LOC105643028;LOC10564_3997;LOC105643027;LOC10564_3998;LOC10564_3999;LOC10564_4000;LOC105643026;LOC105643025;LOC10564_4001;LOC105643024;LOC105643023;LOC105643021;LOC10564_4002;LOC10564_4003;LOC10564_4004;LOC105643020;LOC105643019;LOC105643018		XP_012083843.1;XP_037496815.1;XP_012083452.1;XP_012083450.1;XP_012083451.1;XP_020538398.1;XP_012083449.1;XP_020538397.1;XP_012083447.1;XP_012083446.1;XP_012083445.1;XP_012083444.1;XP_020538484.1;XP_020538483.1;XP_012083442.1;XP_012083443.1;XP_012083439.1;XP_012083438.1;XP_012083437.1		
39	39	Saccharide	264565	386391	121830	"2OG-FeII_Oxy, DIOX_N, Glyco_hydro_1, Lipoxygenase"	-	LOC105628661;LOC105628660;LOC110008913;LOC105628659;LOC105628658;LOC105628657;LOC10562_746;LOC10562_747;LOC105628656;LOC105628655;LOC10562_748;LOC10562_749;LOC10562_750;LOC105650580;LOC105628652;LOC10562_751;LOC105629845;LOC105628650;LOC105628788;LOC105628649;LOC10562_752;LOC105650346;LOC10565_242;LOC105650345;LOC105650344;LOC105650343;LOC105650354;LOC105650353;LOC105650342		XP_012065508.1;XP_012065507.1;XP_037496882.1;XP_012065506.1;XP_012065505.1;XP_012065503.1;XP_037496898.1;XP_037496874.1;XP_012065501.2;XP_037496905.1;XP_020532790.1;XP_020532791.1;XP_020532793.1;XP_037496899.1;XP_037496883.1;XP_037496900.1;XP_037496901.1;XP_012065489.3;XP_020532860.2;XP_012065488.1;XP_020532858.1;XP_012092621.1;XP_012092622.1;XP_012092620.2;XP_012092619.1;XP_012092618.1;XP_037496892.1;XP_020541404.1;XP_012092617.1		
40	40	Putative	1265312	1631217	365900	"DAHP_synth_1, Epimerase, GMC_oxred_C, GMC_oxred_N, p450"	-	LOC105639479;LOC119371260;LOC105639407;LOC105639406;LOC105639089;LOC10564_4058;LOC105640037;LOC105634407;LOC105634408;LOC105634409;LOC105634410;LOC105634411;LOC10563_3642;LOC105634427;LOC10563_3643;LOC10563_3644;LOC105634428;LOC105629001;LOC119371261;LOC105635954;LOC10563_3645;LOC10563_3646;LOC105635953;LOC119371262		XP_037496979.1;XP_037496980.1;XP_012078848.1;XP_012078847.1;XP_012078421.1;XP_037496989.1;XP_037496988.1;XP_012072652.1;XP_012072653.1;XP_012072655.1;XP_012072656.1;XP_012072658.1;XP_012072657.1;XP_037497004.1;XP_037497007.1;XP_037497006.1;XP_037497003.1;XP_012065910.1;XP_037496981.1;XP_012074488.1;XP_037497008.1;XP_012074489.1;XP_037497010.1;XP_037496982.1		
41	41	Saccharide	418075	587603	169530	"ADH_N, ADH_zinc_N, UDPGT_2, adh_short_C2, p450"	-	LOC105634471;LOC105634472;LOC10563_3678;LOC10563_3679;LOC119371302;LOC105639785;LOC105639782;LOC105639781;LOC10563_3680;LOC105639780;LOC105639779;LOC105639778;LOC10563_3681;LOC105639777;LOC105639775;LOC110010106;LOC105639987;LOC105639774;LOC10563_3682;LOC10563_3683;LOC10563_3684;LOC105639773;LOC10563_3686;LOC105639772;LOC10563_3685;LOC105639771		XP_012072725.1;XP_020535082.1;XP_012072726.1;XP_012072727.1;XP_037497109.1;XP_012079327.2;XP_012079324.1;XP_037497137.1;XP_012079323.1;XP_012079322.1;XP_012079320.1;XP_012079319.1;XP_037497089.1;XP_012079318.2;XP_012079317.1;XP_037497083.1;XP_020537266.1;XP_012079315.1;XP_012079316.1;XP_037497104.1;XP_037497105.1;XP_012079314.1;XP_037497093.1;XP_012079313.1;XP_037497092.1;XP_012079312.1		
42	42	Polyketide	2082195	2209994	127800	"2OG-FeII_Oxy, Chal_sti_synt_C, Chal_sti_synt_N, DIOX_N, Dimerisation, Methyltransf_2"	-	LOC105639050;LOC105639048;LOC105639046;LOC105639049;LOC105639044;LOC105639012;LOC105639011;LOC105639010;LOC105639009		XP_037497079.1;XP_037497077.1;XP_012078371.2;XP_020536924.2;XP_037497136.1;XP_037497103.1;XP_012078338.1;XP_012078337.1;XP_012078336.1		
43	43	Alkaloid	2368585	2466452	97870	"2OG-FeII_Oxy, BBE, DIOX_N, FAD_binding_4"	-	LOC105638994;LOC105638993;LOC105638992;LOC10563_3697;LOC105638991;LOC105638990;LOC105635666;LOC105635667;LOC105635671;LOC105635672;LOC105635673		XP_012078316.1;XP_012078315.1;XP_012078314.1;XP_020536874.1;XP_012078313.1;XP_037497102.1;XP_037497126.1;XP_012074133.1;XP_012074135.1;XP_037497127.1;XP_020535587.2		
44	44	Putative	162018	261037	99020	"Methyltransf_7, p450"	-	LOC105634134;LOC105634275;LOC119371351;LOC105634276;LOC105634133;LOC105634278;LOC105634279;LOC105634280;LOC105634282;LOC105634284;LOC105634285;LOC105634137;LOC105634286;LOC105634138		XP_037497218.1;XP_037497216.1;XP_037497217.1;XP_037497208.1;XP_037497209.1;XP_037497205.1;XP_037497210.1;XP_037497212.1;XP_037497213.1;XP_012072508.3;XP_037497214.1;XP_012072330.1;XP_020534915.2;XP_012072332.1		
45	45	Mate-Alkaloid	857822	997885	140060	"AMP-binding, MatE, Str_synth, p450"	-	LOC105628547;LOC10562_794;LOC105628546;LOC105628543;LOC105628613;LOC105628545;LOC105650495;LOC105650331;LOC10565_272;LOC105650507;LOC105650519;LOC105650347		XP_012065367.1;XP_037497328.1;XP_037497294.1;XP_037497315.1;XP_037497314.1;XP_012065363.2;XP_037497348.1;XP_020532380.1;XP_012092605.1;XP_037497295.1;XP_012092823.2;XP_012092625.1		
46	46	Alkaloid	1808655	1871513	62860	"Bet_v_1, Glyco_transf_28, Transferase"	-	LOC105636699;LOC119371382;LOC105636700;LOC119371384;LOC105636704;LOC105636726;LOC105636703;LOC105636725;LOC10563_3835		XP_012075425.1;XP_037497305.1;XP_012075426.1;XP_037497306.1;XP_037497352.1;XP_012075458.1;XP_012075430.1;XP_037497310.1;XP_012075457.1		
47	47	Putative	839314	922961	83650	"2OG-FeII_Oxy, Aminotran_1_2, DIOX_N"	-	LOC105634930;LOC10563_3953;LOC10563_3954;LOC10563_3955;LOC105634932;LOC105634933;LOC105635072;LOC105635073;LOC105635074;LOC105634934;LOC105634935;LOC105635075;LOC10563_3956;LOC105634936;LOC110008617		XP_037497512.1;XP_020535290.1;XP_020535291.1;XP_037497513.1;XP_012073280.1;XP_012073281.1;XP_012073453.1;XP_012073454.1;XP_012073455.1;XP_012073282.1;XP_012073283.1;XP_020535312.1;XP_012073457.1;XP_020535313.1;XP_020535280.1		
48	48	Putative	482082	578803	96720	"Abhydrolase_3, Prenyltransf, Transferase, p450"	-	LOC105644749;LOC10564_4384;LOC105644997;LOC105644996;LOC105644995;LOC105644994;LOC10564_4385;LOC10564_4386;LOC105644748;LOC105644993;LOC105644746;LOC105644747;LOC105644740;MYB117;LOC105644742;LOC105644741;LOC105630454;LOC10564_4387;LOC10564_4388		XP_012085598.1;XP_012085599.1;XP_012085892.1;XP_012085891.2;XP_012085890.1;XP_020539033.1;XP_012085889.1;XP_020539034.1;XP_012085596.1;XP_012085888.2;XP_012085594.1;XP_012085595.1;XP_037497788.1;NP_001292961.1;XP_037497805.1;XP_037497806.1;XP_037497807.1;XP_037497803.1;XP_037497804.1		