potentialBGC	type	nucl_start	nucl_end	size	core_domains	product	sequence_id	Gene cluster genes	Gene cluster gene accessions	Compound with gene cluster of highest homology	Best_Match_BGC	Similarity
1	Saccharide	1685675	1767191	81520	Epimerase, Glycos_transf_1, adh_short, adh_short_C2	-	NC_063256.1	LOC8258528;LOC82585_14;LOC8258529;LOC82585_12;LOC82585_13;LOC8258530;LOC8258531;LOC8258532;LOC82585_15;LOC82585_21;LOC82585_20;LOC82585_17;LOC82585_18;LOC82585_19;LOC8258533;LOC82585_16;LOC8258534;LOC8258535;LOC8258536;LOC8258537;LOC8261841;LOC8261842;LOC8261843;LOC8261844;LOC82618_1;LOC8261845;LOC82618_2	XP_002511810.1;XP_025015476.2;XP_048229627.1;XP_048229630.1;XP_025015475.2;XP_002511812.1;XP_025015890.2;XP_002511814.2;XP_015584594.2;XP_015584355.2;XP_048233619.1;XP_015584342.2;XP_015584350.2;XP_048233617.1;XP_015584351.2;XP_002511815.2;XP_002511816.1;XP_002511817.1;XP_015584357.1;XP_002511819.1;XP_048226398.1;XP_002511823.2;XP_015584486.3;XP_002511825.2;XP_015584558.1;XP_002511826.1;XP_015584559.1		139.0	30.708661417322837
2	Alkaloid	5318177	5389773	71600	Abhydrolase_3, Acetyltransf_1, Bet_v_1	-	NC_063256.1	LOC8281922;LOC8281921;LOC8281920;LOC82819_2;LOC82819_3;LOC8281918;LOC8281917;LOC8281916;LOC8281915;LOC8281914;LOC107262227;LOC10726_11;LOC82819_6;LOC8281913;LOC82819_4;LOC82819_5;LOC8281912;LOC8281911;LOC8281910;LOC8281909	XP_002531403.2;XP_025015251.2;XP_002531401.2;XP_025015248.2;XP_025015249.2;XP_002531399.2;XP_002531398.1;XP_002531397.1;XP_002531396.1;XP_048236051.1;XP_015582216.2;XP_025015254.2;XP_015582228.2;XP_015582227.2;XP_015582226.2;XP_048235512.1;XP_048232259.1;XP_002531392.1;XP_002531391.1;XP_002531390.2		139.0	36.72456575682382
3	Terpene	6977874	7016895	39020	Acetyltransf_1, Chalcone_2, Terpene_synth, Terpene_synth_C	-	NC_063256.1	LOC8272034;LOC82720_14;LOC8272033;LOC8272032;LOC8272030;LOC8272029;LOC82720_15	XP_015575648.1;XP_002520735.1;XP_002520734.1;XP_002520733.1;XP_002520731.1;XP_015575611.1;XP_002520730.1		28.0	70.46632124352331
4	Saccharide	11868316	12039704	171390	ADH_N_2, ADH_zinc_N, UDPGT_2	carboxyl-6	NC_063256.1	LOC8279685;LOC8279684;LOC8279683;LOC8279682;LOC8279681;LOC8279680;LOC8279679;LOC82796_1;LOC82796_2;LOC112536465;LOC8279678;LOC82796_3;LOC8279677;LOC8279676;LOC8279675;LOC8279671;LOC82796_4;LOC82796_5;LOC8279670;LOC82796_6;LOC82796_7;LOC82796_8;LOC82796_9;LOC82796_10;LOC82796_11;LOC82796_12	XP_015581232.1;XP_002529826.1;XP_002529825.2;XP_002529824.2;XP_002529823.1;XP_002529822.2;XP_048233016.1;XP_048233012.1;XP_048233015.1;XP_025014984.2;XP_002529820.2;XP_015581234.1;XP_002529819.1;XP_002529818.1;XP_002529817.1;XP_002529813.2;XP_048226005.1;XP_048226003.1;XP_015581238.2;XP_048226361.1;XP_015581236.2;XP_015581237.2;XP_048226360.1;XP_015581235.2;XP_002529812.2;XP_025014988.2		139.0	33.2657200811359
5	Cyclopeptide	33911153	34807179	896030	BURP	-	NC_063256.1	LOC8258236;LOC82582_17;LOC82582_18;LOC82582_19;LOC82582_20;LOC8258239;LOC107261793;LOC107261794;LOC10726_31;LOC107261792;LOC10726_30;LOC112537365;LOC8267743;LOC8267744;LOC82677_2;LOC8267747;LOC82677_1;LOC8267748;LOC82677_3;LOC82677_4;LOC8267749;LOC82677_5;LOC82677_6;LOC82677_7;LOC82677_8;LOC82677_9;LOC82677_10;LOC82677_11;LOC8267751;LOC8267753;LOC8267755;LOC82677_12;LOC82677_13;LOC8267756;LOC82677_14;LOC8273001;LOC8272997;LOC8273003;LOC8273002;LOC82807_7;LOC8280799;LOC125370908;LOC8268813;LOC125370001;LOC8268812;LOC8268810;LOC8268806;LOC8268805;LOC8268804;LOC8268803;LOC8268802;LOC82688_1;LOC82688_2;LOC82688_3;LOC82688_4;LOC82688_5;LOC8268801;LOC8268800;LOC107261584;LOC8268797;LOC8268796;LOC8268794;LOC125370019;LOC8268793;LOC8268792;LOC8268815;LOC8268789;LOC82687_1;LOC82687_2;LOC8268788;LOC82687_3;LOC82687_4;LOC8268787;LOC82687_5;LOC82687_6;LOC8268786;LOC82687_7;LOC8268785;LOC82687_8;LOC8268784;LOC107261589;LOC107261583;LOC107261587;LOC107261581;LOC107261580;LOC107261579;LOC107261586;LOC107261578;LOC107261577;LOC8268779	XP_048234727.1;XP_048234726.1;XP_048234725.1;XP_048234728.1;XP_048226409.1;XP_048226408.1;XP_015578988.1;XP_048226440.1;XP_015578987.1;XP_015578986.1;XP_015578985.1;XP_048229500.1;XP_048233790.1;XP_048234953.1;XP_015581884.1;XP_015581885.1;XP_002530834.1;XP_002530835.3;XP_015581881.2;XP_025015179.2;XP_048235086.1;XP_002530836.2;XP_048235088.1;XP_048235093.1;XP_048235096.1;XP_002530838.2;XP_015581887.2;XP_025015178.2;XP_015581889.2;XP_002530840.1;XP_002530842.4;XP_048233553.1;XP_048233555.1;XP_048230562.1;XP_048230568.1;XP_015583337.2;XP_002533285.2;XP_002533284.3;XP_015583335.1;XP_015584029.2;XP_025015778.2;XP_048234312.1;XP_002523254.3;XP_048229512.1;XP_002523253.3;XP_002523251.3;XP_002523247.1;XP_048230904.1;XP_015577330.1;XP_002523244.1;XP_002523243.2;XP_015577322.2;XP_048231824.1;XP_048231827.1;XP_015577323.2;XP_015577324.2;XP_015577290.2;XP_048226296.1;XP_048229519.1;XP_002523238.3;XP_015577287.3;XP_002523235.2;XP_048229544.1;XP_002523234.1;XP_048235648.1;XP_002523232.1;XP_048232200.1;XP_048232218.1;XP_048232220.1;XP_002523229.1;XP_048232101.1;XP_048232152.1;XP_015577270.1;XP_048225787.1;XP_048225788.1;XP_048234521.1;XP_002523227.2;XP_048232935.1;XP_002523226.3;XP_002523225.1;XP_015577300.1;XP_015577286.1;XP_015577294.2;XP_015577284.2;XP_015577282.1;XP_015577281.1;XP_015577293.2;XP_015577280.1;XP_025013865.1;XP_048231278.1		85.0	9.838369641602249
6	Saccharide	574950	600192	25240	AMP-binding, Glycos_transf_2, p450	-	NC_063257.1	LOC8273608;LOC8273607;LOC8273606;LOC8273605;LOC8273604;LOC8273603	XP_015574958.3;XP_002510671.2;XP_002510670.2;XP_002510669.2;XP_002510668.2;XP_002510667.1		21.0	74.84662576687117
7	Saccharide	4281616	4358493	76880	Aminotran_1_2, Glycos_transf_2, SE	-	NC_063257.1	LOC8265245;LOC8265244;LOC82652_20;LOC82652_21;LOC8265243;LOC8265242;LOC8265241;LOC82652_22;LOC8265240;LOC82652_30;LOC82652_29;LOC8265239;LOC82652_23;LOC82652_24;LOC82652_25;LOC82652_26;LOC82652_27;LOC82652_28;LOC8265238	XP_002510043.2;XP_048226770.1;XP_048226771.1;XP_002510042.1;XP_025012647.1;XP_002510040.2;XP_025013629.1;XP_002510039.1;XP_015572866.3;XP_048226727.1;XP_015575719.2;XP_002510037.2;XP_015575716.2;XP_048226724.1;XP_048226726.1;XP_015575724.1;XP_048226728.1;XP_048226725.1;XP_002510036.2		71.0	41.23711340206185
8	Polyketide	7579687	7633556	53870	Chal_sti_synt_C, Chal_sti_synt_N, Dimerisation, Methyltransf_11, Methyltransf_2	-	NC_063257.1	LOC8270968;LOC8270967;LOC8270966;LOC82709_17;LOC8270963;LOC82709_18;LOC82709_19;LOC8270962;LOC8270961;LOC125369235;LOC8270959;LOC8270958	XP_002520298.1;XP_002520297.2;XP_015575362.1;XP_002520296.1;XP_015575406.1;XP_015575407.1;XP_015575408.1;XP_002520292.1;XP_002520291.1;XP_048227192.1;XP_002520289.2;XP_002520288.2		71.0	50.8833922261484
9	Putative	7675283	7821760	146480	2OG-FeII_Oxy, DIOX_N, Methyltransf_11	-	NC_063257.1	LOC8270951;LOC8270950;LOC8270949;LOC107261339;LOC10726_44;LOC8270946;LOC8270945;LOC8270944;LOC8270942;LOC8270940;LOC8270939;LOC8270938;LOC8270937;LOC8270936	XP_048226607.1;XP_002520280.3;XP_015575365.2;XP_015575354.1;XP_048226470.1;XP_002520276.1;XP_025013309.1;XP_002520274.1;XP_002520272.1;XP_002520270.1;XP_002520269.2;XP_025013308.2;XP_025013321.1;XP_015575343.1		139.0	47.284345047923324
10	Fatty_acid	8024539	8110674	86140	ADH_N, ADH_zinc_N, FA_desaturase_2, Peptidase_S10, p450	-	NC_063257.1	LOC8277850;LOC82778_2;LOC8277848;LOC82778_3;LOC82778_4;LOC8277847;LOC8277845;LOC8277844;LOC8277841;LOC8277360;LOC8285116;LOC8285115;LOC8285114;LOC82851_5;LOC82851_6;LOC8285113	XP_048226627.1;XP_015579054.1;XP_048227323.1;XP_002526171.1;XP_002526170.1;XP_025014377.2;XP_002526168.2;XP_002526167.2;XP_048227194.1;NP_001310674.1;XP_002526162.1;XP_002526161.2;XP_048226822.1;XP_015579060.2;XP_048226823.1;XP_002526159.2		109.0	39.63414634146341
11	Saccharide	10836321	10941333	105010	AMP-binding, Abhydrolase_3, Glycos_transf_1, SE	-	NC_063257.1	LOC8281346;LOC82813_42;LOC82813_43;LOC8281344;LOC8281343;LOC8281342;LOC82813_44;LOC8281341;LOC82813_45;LOC8281340;LOC82813_46;LOC8281339;LOC8281338;LOC8281336;LOC8281337;LOC8283260;LOC8282498;LOC8282497	XP_002521753.2;XP_048227314.1;XP_015576387.2;XP_048227036.1;XP_015576378.1;XP_015576380.1;XP_048227376.1;XP_002521748.2;XP_048227330.1;XP_015576408.1;XP_048227329.1;XP_002521746.1;XP_015576434.2;XP_002521744.1;XP_002521743.1;XP_002521742.4;XP_002523490.2;XP_015577429.1		139.0	36.46112600536193
12	Terpene	10997643	11107682	110040	Terpene_synth, Terpene_synth_C, p450	-	NC_063257.1	LOC82824_5;LOC8282484;LOC82824_4;LOC8282483;LOC82824_6;LOC8282482;LOC82824_7;LOC82824_8;LOC125369247;LOC125368601;LOC8282480;LOC8282476;LOC8282475;LOC8282474	XP_048227156.1;XP_015577434.1;XP_002523476.1;XP_048227157.1;XP_002523475.2;XP_015577433.3;XP_048227153.1;XP_048227155.1;XP_048227215.1;XP_048227216.1;XP_002523472.1;NP_001310688.1;XP_002523467.3;XP_048226683.1		39.0	41.04477611940299
13	Terpene	23126747	23208619	81870	Epimerase, Terpene_synth, Terpene_synth_C, Transferase	-	NC_063258.1	LOC125369583;LOC8277256;LOC8259344;LOC8259345;LOC82593_7;LOC82593_8;LOC8259343;LOC82593_9;LOC8259387;LOC8259388;LOC82593_10;LOC8280401;LOC8280400;LOC8280399;LOC82803_34;LOC82803_35	XP_048228318.1;XP_002528222.2;XP_048227616.1;XP_002534456.3;XP_015583992.2;XP_048227988.1;XP_002534457.4;XP_048227987.1;XP_015584013.1;XP_048228060.1;XP_048228061.1;XP_015583419.2;XP_002533434.2;XP_002533433.2;XP_015583422.2;XP_048228063.1		96.0	44.51219512195122
14	Fatty_acid-Saccharide	31602455	31686593	84140	DIOX_N, ECH_2, Transferase, UDPGT_2	cyanogenic glucoside, monoterpenoid	NC_063258.1	LOC8278596;LOC8278595;LOC82785_5;LOC82785_6;LOC82785_7;LOC8278594;LOC82785_8;LOC8278593;LOC82785_9;LOC8278591;LOC8278590;LOC82785_10;LOC8278589;LOC82785_11;LOC8278588;LOC8278587;LOC8278586;LOC82785_12;LOC8278585;LOC8278584;LOC82785_13;LOC82785_14;LOC82785_15	XP_002515580.1;XP_015572593.1;XP_025012501.1;XP_002515579.1;XP_048228219.1;XP_025012478.1;XP_015572522.1;XP_002515577.2;XP_015572521.1;XP_002515575.2;XP_015572470.2;XP_048228189.1;XP_002515573.2;XP_002515572.1;XP_048227911.1;XP_002515571.2;XP_015572580.1;XP_002515570.1;XP_002515569.3;XP_048227951.1;XP_048227952.1;XP_048227953.1;XP_048227954.1		71.0	38.839285714285715
15	Saccharide	32849243	32895496	46250	Epimerase, Glycos_transf_2, p450	-	NC_063258.1	LOC8265207;LOC82652_39;LOC82652_40;LOC8265206;LOC8265205;LOC8265204;LOC8265201;LOC82652_41;LOC8265200	XP_002515367.2;XP_048228215.1;XP_048228216.1;XP_002515366.1;XP_015572556.2;XP_015572553.1;XP_002515361.2;XP_015572569.2;XP_002515360.1		28.0	62.78026905829597
16	Fatty_acid-Alkaloid	21129468	21312718	183250	BBE, FAD_binding_4, FA_hydroxylase	-	NC_063259.1	LOC8265481;LOC8265484;LOC8265485;LOC8265486;LOC8265487;LOC8265488;LOC8265489;LOC8265490;LOC82654_11;LOC8265491;LOC8265493;LOC8265494;LOC82654_12;LOC82654_13;LOC82654_14;LOC82654_15;LOC8265495;LOC8265497;LOC8265500;LOC8265501;LOC82655_3;LOC82655_4;LOC8265502	XP_002523148.3;XP_002523151.2;XP_002523152.1;XP_015577244.2;XP_002523154.2;XP_002523155.2;XP_002523156.2;XP_025013863.2;XP_025013862.2;XP_002523158.3;XP_002523160.1;XP_002523161.2;XP_025013856.2;XP_015577260.2;XP_015577259.2;XP_048228810.1;XP_002523162.2;XP_002523164.1;XP_002523167.2;XP_015577254.3;XP_048229403.1;XP_048229404.1;XP_002523169.2		139.0	40.17857142857143
17	Mate	22112657	22188924	76270	MatE, NAD_binding_1, Prenyltransf	-	NC_063259.1	LOC8289714;LOC8289715;LOC82897_18;LOC82897_19;LOC8289716;LOC82897_20;LOC8289717;LOC82897_21;LOC8289718;LOC82897_22;LOC8289719;LOC8289720;LOC8289722;LOC82897_23;LOC8289723;LOC8289724;LOC82897_24;LOC8289725;LOC8289726	XP_002532223.1;XP_015582730.2;XP_015582731.2;XP_002532224.2;XP_015582725.1;XP_002532225.1;XP_048228965.1;XP_002532226.1;XP_002532227.1;XP_025015405.1;XP_048229436.1;XP_015582727.2;XP_048229408.1;XP_048229409.1;XP_002532232.1;XP_015582735.1;XP_002532233.2;XP_002532234.1;XP_015582736.2		71.0	41.75257731958763
18	Putative	27579604	27647139	67530	Transferase, adh_short, adh_short_C2	-	NC_063259.1	LOC8266360;LOC112535482;LOC8266358;LOC8266356;LOC8261567;LOC8266352;LOC8266350;LOC8266349;LOC82663_19;LOC8266348;LOC8266347;LOC8266345;LOC8266344;LOC8266343;LOC82663_20;LOC82663_21	XP_002511245.1;XP_025013827.1;XP_002511243.1;XP_002511241.1;XP_048228915.1;XP_002511237.1;XP_002511235.1;XP_015577499.1;XP_002511234.1;XP_002511233.3;XP_015582308.2;XP_002511230.2;XP_002511229.1;XP_015580572.2;XP_015580574.2;XP_015580575.2		71.0	40.2332361516035
19	Saccharide	27676873	27714226	37350	AMP-binding, Glyco_hydro_1	-	NC_063259.1	LOC8266338;LOC8266336;LOC8266335;LOC8266334;LOC82663_23;LOC8266333;LOC82663_24;LOC8266332;LOC82663_25;LOC82663_26;LOC82663_27;LOC8266331;LOC8266330	XP_002511223.1;XP_002511221.1;XP_002511220.1;XP_002511219.2;XP_015581988.1;XP_015578517.1;XP_048228598.1;XP_048228483.1;XP_048228480.1;XP_048228481.1;XP_048228482.1;XP_002511216.3;XP_048228470.1		46.0	52.29681978798587
20	Saccharide	31600034	31701572	101540	AMP-binding, Amino_oxidase, Glyco_hydro_1, Lipoxygenase, UDPGT_2	-	NC_063259.1	LOC8274404;LOC8274403;LOC8274402;LOC82744_48;LOC82744_49;LOC8274400;LOC8274398;LOC8274397;LOC82743_74;LOC82743_75;LOC8274396;LOC82743_76;LOC82743_78;LOC8274395;LOC82743_77;LOC8274394;LOC8274392;LOC82743_79;LOC8278007;LOC82780_7;LOC82726_1;LOC82726_2;LOC82726_3;LOC82726_4;LOC82726_5;LOC82726_6;LOC8272658;LOC8272657;LOC82726_7;LOC82726_8	XP_002513453.2;XP_002513452.1;XP_048228898.1;XP_048228899.1;XP_015571245.1;XP_015571332.1;XP_025012150.2;XP_025012134.1;XP_025012135.1;XP_002513446.1;XP_015571168.1;XP_002513445.1;XP_048228904.1;XP_015571083.2;XP_048228903.1;XP_002513443.1;XP_015571294.1;XP_048229195.1;XP_002513440.2;XP_048229196.1;XP_048229318.1;XP_015571326.2;XP_048229319.1;XP_048229320.1;XP_048229321.1;XP_048229322.1;XP_048229317.1;XP_015571376.1;XP_015571377.1;XP_002513438.1		71.0	33.99638336347197
21	Terpene	32214184	32316461	102280	Terpene_synth, Terpene_synth_C, adh_short_C2, p450	-	NC_063259.1	LOC8259992;LOC8259989;LOC8259988;LOC8259987;LOC8259986;LOC8259985;LOC8259984;LOC82599_5;LOC8259983;LOC8259981;LOC82599_6;LOC8259980;LOC82599_7;LOC112533881;LOC8259978;LOC8259976;LOC8259975;LOC8259974;LOC8259973;LOC8259972;LOC8259971;LOC82599_8	XP_015571154.2;XP_048228491.1;XP_002513347.1;XP_002513346.2;XP_015571186.3;XP_002513344.1;XP_002513343.2;XP_048228474.1;NP_001310627.1;XP_002513340.1;XP_048229202.1;XP_048228438.1;NP_001310626.1;XP_048229111.1;NP_001310625.1;NP_001310624.1;XP_002513334.4;NP_001310623.1;XP_002513332.1;NP_001310622.1;XP_015571173.1;XP_015571174.2		46.0	33.97129186602871
22	Saccharide	5528832	5846216	317380	AMP-binding, Amino_oxidase, Glycos_transf_1, SQS_PSY	-	NC_063260.1	LOC82714_20;LOC8271425;LOC8271426;LOC82714_21;LOC8271427;LOC8271428;LOC8271429;LOC8271430;LOC8271431;LOC82714_22	XP_015582399.1;XP_015582362.1;XP_002509491.1;XP_048229625.1;XP_048229624.1;XP_002509493.1;XP_048230835.1;XP_002509495.1;XP_025012114.1;XP_048229487.1		14.0	50.224215246636774
23	Putative	13709684	13778083	68400	Methyltransf_11, p450	-	NC_063260.1	LOC8272128;LOC8272129;LOC82721_12;LOC8272130;LOC8272131;LOC8272133;LOC82721_13;LOC8272134;LOC8272135;LOC8272136;LOC8272137;LOC8272138;LOC8272139;LOC8272140;LOC82721_14;LOC82721_15;LOC82721_16;LOC8272142	XP_002509590.1;XP_002509591.2;XP_015572285.1;XP_002509592.2;XP_002509593.1;XP_025012297.2;XP_048230118.1;XP_002509596.2;XP_002509597.2;XP_002509598.2;XP_015574980.2;XP_015571651.2;XP_002509601.3;XP_025012265.1;XP_048229718.1;XP_048229719.1;XP_048229720.1;XP_048229717.1		139.0	42.35924932975871
24	Saccharide-Polyketide	23297732	23384798	87070	Chal_sti_synt_C, UDPGT_2, adh_short_C2	*saccharide	NC_063260.1	LOC8280106;LOC8280105;LOC8280104;LOC82801_35;LOC82801_36;LOC82801_37;LOC82801_38;LOC8280103;LOC8280102;LOC8280101;LOC8280100;LOC8280099;LOC82800_2	XP_002519903.3;XP_048230657.1;XP_015575092.1;XP_015575093.1;XP_015575095.1;XP_048230655.1;XP_048230656.1;XP_002519900.4;XP_002519899.2;XP_015575108.1;XP_025013246.1;XP_015575126.1;XP_002519896.1		139.0	50.33557046979866
25	Alkaloid	24003038	24057500	54460	Cu_amine_oxid, Epimerase, p450	-	NC_063260.1	LOC8266521;LOC8278015;LOC82780_9;LOC8278014;LOC8278016;LOC107262544;LOC8276580;LOC82765_14;LOC8276579;LOC82765_17;LOC82765_16;LOC8276581;LOC82765_15;LOC82765_18;LOC82765_19;LOC8276582;LOC82765_20;LOC8277875;LOC8277861;LOC82778_9;LOC82778_10;LOC82778_11;LOC8277860;LOC8277863	XP_015579304.1;XP_015583104.1;XP_002532792.1;XP_015583105.1;XP_002532790.1;XP_015584173.2;XP_015583179.1;XP_015583180.1;XP_002532974.2;XP_025015535.1;XP_048230674.1;XP_015583177.1;XP_015583178.1;XP_048230675.1;XP_048230676.1;XP_002532971.2;XP_015583176.2;XP_048229481.1;XP_025014381.1;XP_015579062.1;XP_015579063.1;XP_025014380.1;XP_015579069.2;XP_015579068.2		109.0	31.69642857142857
26	Saccharide-Terpene	28037963	28084120	46160	Glycos_transf_1, Terpene_synth, Terpene_synth_C, Transferase	-	NC_063260.1	LOC8279102;LOC82791_24;LOC8279103;LOC82791_25;LOC82791_26;LOC8279104;LOC82791_27;LOC8260358;LOC8260357;LOC8260356;LOC82603_13;LOC8260355;LOC8260354;LOC8260353;LOC82603_17;LOC82603_18;LOC8260352;LOC82603_14;LOC82603_15;LOC82603_16	XP_002521492.2;XP_015576190.2;XP_015576189.1;XP_015576188.1;XP_048229894.1;XP_015576208.1;XP_002521494.1;XP_002526974.1;XP_002526973.1;XP_048230313.1;XP_015579543.2;XP_015579540.2;XP_015579520.2;XP_002526969.2;XP_015579537.1;XP_015579538.1;XP_048230308.1;XP_048230307.1;XP_048230306.1;XP_048230305.1		109.0	35.56701030927835
27	Saccharide	8651606	9471609	820000	2OG-FeII_Oxy, DIOX_N, Glyco_hydro_1	-	NC_063261.1	LOC8265364;LOC82653_11;LOC82653_12;LOC8265363;LOC8265362;LOC8265361;LOC82653_13;LOC82653_14;LOC8265360;LOC82653_17;LOC8265359;LOC82653_15;LOC82653_16;LOC8265356;LOC8287332;LOC8261734	XP_002528303.1;XP_015580329.1;XP_015580335.1;XP_002528302.2;XP_002528301.3;XP_048231625.1;XP_048231626.1;XP_048231627.1;NP_001310643.1;XP_002528298.1;XP_015580334.1;XP_025014752.1;XP_048232008.1;XP_048232007.1;XP_048232105.1;XP_002533379.1		28.0	43.292682926829265
28	Saccharide	9750818	10155612	404790	Glyco_hydro_1, Lipoxygenase	-	NC_063261.1	LOC8289286;LOC112533715;LOC8289288;LOC82892_5;LOC8289287;LOC8289283;LOC8289197;LOC8289194;LOC112533713;LOC8289192;LOC82891_54;LOC8289199;LOC107262696;LOC82893_31;LOC8289338;LOC82893_30;LOC125370272	XP_025011871.1;XP_025011876.2;XP_002512151.2;XP_025011875.2;XP_002512150.1;XP_002512149.1;XP_048231994.1;XP_025011878.2;XP_025011870.1;XP_048232012.1;XP_048232013.1;XP_002512138.1;XP_015584601.1;XP_048231823.1;XP_048231821.1;XP_048231822.1;XP_048231228.1		71.0	46.36871508379888
29	Phenolamide	15817741	15889663	71920	Pyridoxal_deC, Transferase	-	NC_063261.1	LOC107261382;LOC8287142;LOC107261381;LOC8286666;LOC8270580;LOC82705_40;LOC107261380;LOC8270581;LOC82705_41;LOC125370274	XP_015575606.1;XP_025013379.1;XP_048231230.1;XP_002520639.1;XP_048231355.1;XP_002520638.3;XP_048231231.1;XP_015575609.1;XP_002520637.1;XP_048231232.1		28.0	59.66386554621849
30	Saccharide-Terpene	17280647	17501046	220400	2OG-FeII_Oxy, DIOX_N, Peptidase_S10, Terpene_synth, Terpene_synth_C, UDPGT_2, UbiA	*monoterpenoid-6, cyanogenic glucoside-6	NC_063261.1	LOC125370287;LOC8267044;LOC8266734;LOC82667_7;LOC8266725;LOC125370450;LOC8266728;LOC8266730;LOC8266732	XP_048231256.1;XP_002530668.3;XP_048231968.1;XP_002533021.1;XP_002533022.1;XP_048231909.1;XP_048232116.1;XP_015583210.1;XP_002533030.1		109.0	59.19282511210763
31	Saccharide	19983174	20040573	57400	ADH_N, ADH_zinc_N, UDPGT_2	hydroxycinnamate-3	NC_063261.1	LOC8276888;LOC8276903;LOC82769_15;LOC82769_16;LOC82769_17;LOC8276886;LOC8283001;LOC8283000;LOC82830_9;LOC8282999;LOC125370295;LOC8282998;LOC8282997;LOC8282994;LOC8282992;LOC82829_1;LOC8282991;LOC8282990;LOC82829_2;LOC8282989;LOC82829_3;LOC125370296;LOC8282985;LOC8282984;LOC8282983;LOC82829_4;LOC82829_5;LOC8282982;LOC82829_6;LOC8282981;LOC82829_7;LOC8282979;LOC8282978;LOC8282977;LOC8282976;LOC82829_8;LOC8282975;LOC8282974	XP_048232070.1;XP_048232063.1;XP_048232062.1;XP_002525855.4;XP_048232064.1;XP_048232067.1;XP_002525853.2;XP_025014337.2;XP_048232065.1;XP_002525851.2;XP_048231265.1;XP_002525850.2;XP_048231266.1;XP_002525846.1;XP_002525844.2;XP_015578884.1;XP_002525843.1;XP_048232204.1;XP_048232203.1;XP_015578880.2;XP_048231737.1;XP_048231267.1;XP_002525837.3;XP_015578881.3;XP_048232102.1;XP_002525835.2;XP_025014341.1;XP_015578863.1;XP_048231766.1;XP_048231764.1;XP_048231765.1;XP_048231767.1;XP_002525830.1;XP_002525829.2;XP_048232073.1;XP_002525828.2;XP_002525827.1;XP_015578867.2		71.0	22.58543833580981
32	Fatty_acid	21810187	21890717	80530	2OG-FeII_Oxy, DIOX_N, FA_desaturase	-	NC_063261.1	LOC8288105;LOC8288106;LOC8288107;LOC8288108;LOC8288109;LOC8288110;LOC8288113;LOC8288114;LOC8288115	XP_002518666.1;XP_002518667.1;XP_002518668.1;XP_048232104.1;XP_002518670.1;XP_002518671.3;XP_002518674.3;XP_002518675.1;XP_015574421.1		21.0	62.5
33	Saccharide	6485005	6561099	76090	DAHP_synth_2, UDPGT_2	cyanogenic glucoside, monoterpenoid	NC_063262.1	LOC8273530;LOC82735_16;LOC8273531;LOC8281255;LOC8281240;LOC8281241;LOC125370616;LOC8281243;LOC8281244;LOC8281245;LOC8281247	XP_002531675.1;XP_025015314.1;XP_002531676.2;XP_048232951.1;XP_015583129.2;XP_002532872.3;XP_048232860.1;XP_002532875.1;XP_002532876.2;XP_002532877.2;XP_002532879.2		14.0	51.26050420168067
34	Terpene	9797449	9928459	131009	2OG-FeII_Oxy, AMP-binding, DIOX_N, Terpene_synth_C, p450	-	NC_063262.1	LOC8275136;LOC112535339;LOC125370626;LOC125370627;LOC8275132;LOC8275129	XP_025013676.2;XP_048232872.1;XP_048232873.1;XP_048232874.1;XP_025013678.2;XP_002522207.1		138.0	64.86486486486487
35	Terpene	17984440	18643686	659250	Methyltransf_11, Terpene_synth, Terpene_synth_C	-	NC_063262.1	LOC8266921;LOC8266920;LOC82669_18;LOC82669_17;LOC8266919;LOC8266917;LOC8266936;LOC8287610;LOC125370747;LOC8276873;LOC8276874;LOC125370640	XP_002522707.1;XP_002522706.1;XP_015576986.1;XP_025013779.1;XP_048233338.1;XP_048233339.1;XP_002522701.1;XP_002513266.3;XP_048233423.1;XP_002515688.1;XP_002515689.2;XP_048232890.1		109.0	54.47761194029851
36	Alkaloid	24060625	24168768	108140	ADH_N, ADH_zinc_N, Epimerase, Pyridoxal_deC	-	NC_063262.1	LOC8266702;LOC8266700;LOC8266699;LOC82666_32;LOC8266698;LOC8266697;LOC8266500;LOC82665_28;LOC82665_26;LOC82665_27;LOC82761_26;LOC82761_25;LOC8276131;LOC8276130	XP_025014442.2;XP_015579279.1;XP_048233360.1;XP_002526532.2;XP_015579292.2;XP_002526531.2;XP_048232820.1;XP_048232821.1;XP_015579281.2;XP_048232819.1;XP_048232984.1;XP_048232986.1;XP_048232985.1;XP_002533630.1		71.0	47.284345047923324
37	Fatty_acid-Saccharide	29147171	29222629	75460	ADH_N_2, ADH_zinc_N, FA_desaturase_2, Glyco_hydro_1	-	NC_063262.1	LOC8278923;LOC82789_17;LOC82789_18;LOC82789_19;LOC8263458;LOC8263457;LOC8263456;LOC8263455;LOC8263454;LOC82634_35;LOC8263453;LOC82634_37;LOC8263452;LOC82634_36;LOC8263451;LOC8263450;LOC82634_38;LOC82634_39;LOC8263449;LOC8263448;LOC82634_40	XP_025012375.1;XP_015572224.1;XP_025012377.1;XP_002514782.1;NP_001310638.1;XP_002514779.1;XP_002514778.1;XP_048232925.1;XP_015572235.1;XP_015572234.1;XP_048233206.1;XP_048233205.1;XP_015572226.2;XP_015572225.2;XP_002514773.1;XP_048233207.1;XP_015572289.1;XP_025012423.1;XP_002514771.1;XP_015572218.1;XP_015572217.1		71.0	37.79904306220095
38	Putative	2914667	3143671	229000	Amino_oxidase, Dimerisation, Methyltransf_2, polyprenyl_synt	-	NC_063263.1	LOC82830_10;LOC8283092;LOC8283088;LOC112533692;LOC8283086;LOC8283085;LOC8283083;LOC8283084;LOC82830_11;LOC82830_12;LOC125370912;LOC8274015;LOC8280320;LOC8280319;LOC8280318;LOC82803_44;LOC8280317;LOC82803_45;LOC82803_46;LOC82803_47;LOC82803_48;LOC82803_49;LOC82803_50	XP_048234176.1;XP_002530451.1;XP_015581650.1;XP_048234025.1;XP_002530445.1;XP_002530444.1;XP_002530443.1;XP_015581645.1;XP_015581646.1;XP_015581647.1;XP_048234319.1;XP_048233507.1;NP_001310684.1;XP_002527336.2;XP_048233505.1;XP_048233506.1;XP_048233510.1;XP_048233513.1;XP_048233508.1;XP_048233509.1;XP_048233511.1;XP_048233512.1;XP_048233514.1		139.0	33.92857142857143
39	Putative	9805430	9915478	110050	2OG-FeII_Oxy, Aminotran_1_2, DIOX_N, Transferase	-	NC_063263.1	LOC8284374;LOC82843_28;LOC82843_29;LOC82843_30;LOC82843_31;LOC8284375;LOC8284376;LOC82843_32;LOC8284378;LOC8284379;LOC82843_33;LOC8284380;LOC8284381;LOC8284382;LOC8284383;LOC8284384;LOC82843_34;LOC8284385;LOC82843_35;LOC8284386;LOC8284387;LOC8284388	XP_015570869.2;XP_015570868.2;XP_025011983.2;XP_048233818.1;XP_025011984.2;XP_002512998.1;XP_002512999.1;XP_048234005.1;XP_002513001.1;XP_002513002.1;XP_025012055.1;XP_015570969.1;XP_002513004.1;XP_002513005.1;XP_002513006.2;XP_002513007.1;XP_015570788.1;XP_015570923.1;XP_015570925.1;XP_048233915.1;XP_002513010.1;XP_002513011.1		28.0	35.406698564593306
40	Terpene	11016224	11124001	107780	Aminotran_3, SQHop_cyclase_C, SQHop_cyclase_N, adh_short_C2	triterpene-4	NC_063263.1	LOC8279665;LOC8279655;LOC125370897;LOC8279657;LOC8279659;LOC8261053;LOC125370894;LOC8279660;LOC8279662;LOC82796_48;LOC8279663;LOC8279664;LOC82796_49;LOC8283691	XP_002529795.2;XP_015581226.2;XP_048234282.1;XP_048234581.1;XP_002529801.2;XP_048233646.1;XP_048234276.1;XP_002529802.1;XP_015581228.2;XP_002529805.2;XP_048234540.1;XP_002529806.1;XP_015581227.1;XP_048233994.1		96.0	51.006711409395976
41	Saccharide	13135232	13230777	95550	Aldo_ket_red, Epimerase, UDPGT_2	cyanogenic glucoside, monoterpenoid	NC_063263.1	LOC8271347;LOC82713_6;LOC82713_7;LOC8271348;LOC8271349;LOC82713_8;LOC82713_9;LOC8271350;LOC8271351;LOC82713_10;LOC8271352;LOC82713_11;LOC8271354;LOC8271356;LOC8271357;LOC8271358;LOC8271359;LOC8271360;LOC8271361;LOC8271362;LOC8271363	XP_015573777.1;XP_015573778.1;XP_015573779.1;XP_002517535.2;XP_048233833.1;XP_048233834.1;XP_002517536.1;XP_002517537.1;XP_025012827.1;XP_025012828.1;XP_048233539.1;XP_048233540.1;XP_002517541.2;XP_002517543.1;XP_002517544.3;XP_002517545.2;XP_002517546.2;XP_002517547.1;XP_002517548.1;XP_002517549.3;XP_002517550.2		139.0	39.23444976076555
42	Putative	4055089	4139203	84110	2OG-FeII_Oxy, DIOX_N, ECH_2	-	NC_063264.1	LOC8276163;LOC82761_34;LOC8276162;LOC8276161;LOC8276160;LOC8276159;LOC82761_35;LOC8276157;LOC8276156;LOC8276155;LOC8276154;LOC82761_36;LOC8276153;LOC8276152;LOC8276717;LOC82767_5;LOC112536413;LOC82851_35;LOC8285193	XP_015580945.2;XP_025014913.2;XP_002529310.2;XP_002529309.2;XP_002529308.2;XP_002529307.1;XP_015580941.1;XP_048235220.1;XP_002529304.1;XP_015580947.1;XP_025014914.1;XP_002529302.1;XP_002529301.1;XP_002529300.1;XP_015580950.2;XP_015580951.2;XP_025014915.2;XP_048234741.1;XP_048234740.1		71.0	43.29896907216495
43	Saccharide-Polyketide	5369117	5591134	222020	2OG-FeII_Oxy, Aldo_ket_red, Cellulose_synt, Chal_sti_synt_C, Chal_sti_synt_N, DIOX_N, Glyco_hydro_1, SE	-	NC_063264.1	LOC82656_20;LOC82656_19;LOC8265637;LOC8265636;LOC8265635;LOC112534673;LOC8265633;LOC8265632;LOC8265631;LOC8265629;LOC8265627;LOC8265626;LOC8265625;LOC82656_23;LOC8265624;LOC82656_21;LOC82656_22;LOC8280858;LOC8280696;LOC8280694;LOC8280693;LOC82806_7;LOC82806_9;LOC82806_10;LOC8280692;LOC82806_8;LOC8280690;LOC8258021;LOC8280687;LOC8280686;LOC82806_11;LOC8280685;LOC8280684;LOC8280683;LOC8280682	XP_015574103.2;XP_025012927.2;XP_015574102.2;XP_002518143.3;XP_002518142.2;XP_025012919.2;XP_002518140.2;XP_002518139.2;XP_048234794.1;XP_048235273.1;XP_002518134.2;XP_048234956.1;XP_002518132.1;XP_025012925.1;XP_015574096.1;XP_015574097.1;XP_002518131.1;XP_002518129.2;XP_002518128.1;XP_002518126.2;XP_002518125.1;XP_048235433.1;XP_048235420.1;XP_048235421.1;XP_048235422.1;XP_015574098.2;XP_002518122.1;XP_002518121.3;XP_002518119.2;XP_015574091.1;XP_002518118.1;XP_002518117.2;XP_025012922.2;XP_002518115.1;XP_002518114.1		71.0	28.662420382165603
44	Cyclopeptide	7873171	8316112	442940	BURP	-	NC_063264.1	LOC125371050;LOC12537_56;LOC112535460;LOC112535459;LOC107261552;LOC8282913;LOC82829_18;LOC82829_19;LOC82829_20;LOC82829_21;LOC8282914;LOC8282915;LOC8282916;LOC107261560;LOC8282917;LOC8282918;LOC8282919;LOC125371166;LOC82829_23;LOC82829_22;LOC8282921;LOC8282922;LOC8260821;LOC8260784;LOC82607_35;LOC82607_36;LOC8260787;LOC82607_34;LOC8260788;LOC112535463;LOC8260790;LOC82607_37;LOC8260791;LOC125371167;LOC8260792;LOC82607_38;LOC82607_39;LOC8260793;LOC8260794;LOC107261553;LOC8260797;LOC82607_40;LOC8260798;LOC82607_41;LOC8260799;LOC8260801;LOC107261554;LOC82608_48;LOC82608_49;LOC82608_47;LOC82608_46;LOC8260803;LOC8260804;LOC82608_50;LOC82608_51;LOC8260805;LOC8260807;LOC82608_52;LOC82608_53;LOC8260808;LOC8260809;LOC8260810;LOC8260811;LOC8260812;LOC82608_54;LOC8260813;LOC82608_55;LOC82608_56;LOC125371080;LOC8260816;LOC8260817;LOC82608_57	XP_048234820.1;XP_048234821.1;XP_025013819.2;XP_025013818.1;XP_015577125.2;XP_002522964.2;XP_048234815.1;XP_048234816.1;XP_048234817.1;XP_048234818.1;XP_002522965.1;XP_048234819.1;XP_002522967.3;XP_015577152.1;XP_002522968.1;XP_002522969.1;XP_002522970.2;XP_048235650.1;XP_002522972.1;XP_048235558.1;XP_048235559.1;XP_002522973.1;XP_002522974.1;XP_002522975.1;XP_048234774.1;XP_048234773.1;XP_015577139.1;XP_025013811.1;XP_002522979.1;XP_025013823.1;XP_002522981.3;XP_025013820.2;XP_015577127.3;XP_048235651.1;XP_048234803.1;XP_002522983.2;XP_048235394.1;XP_002522984.2;XP_002522985.2;XP_048235652.1;XP_015577146.2;XP_025013813.2;XP_002522989.3;XP_025013812.2;XP_015577145.2;XP_048234805.1;XP_015577130.2;XP_002522994.3;XP_015577165.2;XP_048235514.1;XP_015577164.2;XP_015577163.2;XP_015577133.1;XP_048235457.1;XP_048235458.1;XP_002522996.1;XP_002522998.2;XP_048235215.1;XP_015577122.2;XP_002522999.2;XP_002523000.2;XP_048235556.1;XP_015577141.2;XP_015577143.2;XP_002523003.2;XP_002523004.2;XP_048234934.1;XP_048234935.1;XP_048234936.1;XP_048234933.1;XP_002523008.1;XP_015577142.1		96.0	13.86986301369863
45	Terpene	8842642	9010145	167500	Epimerase, Terpene_synth, Terpene_synth_C, p450	-	NC_063264.1	LOC8286903;LOC8286902;LOC8286901;LOC8286900;LOC82869_4;LOC8286898;LOC82868_54;LOC125371142;LOC8280754;LOC82807_35;LOC112536635;LOC8268549;LOC82685_10;LOC82685_11	XP_015577065.2;XP_015577076.2;XP_002522816.1;XP_002522815.2;XP_025013802.2;XP_048235023.1;XP_048235024.1;XP_048235485.1;XP_025013792.2;NP_001310685.1;XP_048235657.1;XP_048234790.1;XP_048234791.1;XP_048234792.1		109.0	51.006711409395976
46	Saccharide	15224836	15376842	152010	2OG-FeII_Oxy, DIOX_N, Dimerisation, Methyltransf_2, Peptidase_S10, UDPGT_2, p450	flavonoid-6, oleananes-6	NC_063265.1	LOC8269286;LOC82692_24;LOC8269284;LOC112534573;LOC8269280;LOC8269279;LOC8269276;LOC82692_25;LOC82692_26;LOC8269272;LOC8269271;LOC107261126;LOC107261125;LOC125371397	XP_002517315.1;XP_002517313.1;XP_015573577.1;XP_025012783.2;XP_048236056.1;XP_002517308.1;XP_002517305.2;XP_048225887.1;XP_048225888.1;XP_002517301.1;XP_002517300.1;XP_015573584.1;XP_048236337.1;XP_048236338.1		46.0	47.651006711409394
47	Saccharide	15562506	15763524	201020	ERG4_ERG24, Glycos_transf_2, p450	-	NC_063265.1	LOC8283959;LOC82839_26;LOC82839_27;LOC8283958;LOC8283955;LOC125371381;LOC8283953;LOC8283952;LOC82839_28;LOC8283951;LOC8283950;LOC82839_29;LOC8283949;LOC8283947;LOC82839_30;LOC82839_31;LOC8283946;LOC8283945;LOC8283944;LOC82839_33;LOC82839_32;LOC8283943;LOC8283942;LOC8283941;LOC82839_34;LOC8283940;LOC8283939;LOC82839_35;LOC8283938;LOC8281542;LOC125368581;LOC8283935;LOC82839_36;LOC82839_37;LOC82839_38;LOC8283933;LOC82839_39;LOC82839_40	XP_015574858.1;XP_025013165.1;XP_025013167.1;XP_002519442.3;XP_002519439.2;XP_048236316.1;XP_002519437.2;XP_002519436.2;XP_048225657.1;XP_048225658.1;XP_002519434.1;XP_048235853.1;XP_048235854.1;XP_002519431.2;XP_048235836.1;XP_048235837.1;XP_002519430.2;XP_002519429.2;XP_002519428.1;XP_048225972.1;XP_002519427.2;XP_015574895.1;XP_002519426.1;XP_015574842.1;XP_015574843.1;XP_048225549.1;XP_048235861.1;XP_048235860.1;XP_002519422.2;XP_002540072.3;XP_048226124.1;XP_048226120.1;XP_048226121.1;XP_048226122.1;XP_048226123.1;XP_015574866.1;XP_015574867.1;XP_002519417.1		71.0	26.151560178306095
48	Lignan	22764063	23143418	379360	Dirigent, HMGL-like, adh_short	-	NC_063265.1	LOC8274886;LOC82748_36;LOC8274887;LOC8274888;LOC8274889;LOC8274891;LOC8274893;LOC8274894;LOC125368585;LOC8274897;LOC8274898;LOC8274899;LOC82748_37;LOC82748_38;LOC82884_55;LOC8288401;LOC125371384;LOC10726_306;LOC107262006;LOC8288372;LOC8288400;LOC8288375;LOC8288376;LOC8288399;LOC82883_34;LOC8288378;LOC82883_35;LOC8288379	XP_015580517.1;XP_048226014.1;XP_002528643.1;XP_002528644.2;XP_002528645.2;XP_002528647.1;XP_002528649.3;XP_015580519.3;XP_048236318.1;XP_002528653.1;XP_002528654.3;XP_015580530.1;XP_002528655.2;XP_015580532.1;XP_015580487.1;XP_002528575.2;XP_048236319.1;XP_015580496.1;XP_048225843.1;XP_048225905.1;XP_002528578.1;XP_002528579.1;NP_001310701.1;XP_015580499.1;XP_002528581.1;XP_015580489.2;XP_015580488.2;XP_048226141.1		96.0	31.496062992125985
